thread_index,comment_index,author,reactor,reaction
2,2,1.0,675.0,Sneaky Nazi
44,49,7.0,1.0,Like
76,98,16.0,1.0,Like
79,104,17.0,1.0,Like
83,110,20.0,1.0,Like
85,113,22.0,40.0,Sneaky Nazi
86,114,23.0,1.0,Like
87,116,25.0,1.0,Like
91,126,26.0,244.0,Like
91,126,26.0,1.0,Like
139,176,28.0,1.0,Like
139,181,28.0,1.0,Like
140,177,1.0,951.0,Like
140,177,1.0,527.0,Like
143,182,1.0,49.0,Like
143,828,131.0,424.0,Like
143,828,131.0,859.0,Like
143,828,131.0,299.0,Like
143,828,131.0,49.0,Like
143,828,131.0,101.0,Like
143,828,131.0,1.0,Like
143,1116,152.0,1030.0,Like
143,1116,152.0,1.0,Like
143,1123,152.0,1.0,Like
157,199,29.0,1012.0,Hitler Approves
157,199,29.0,921.0,Like
157,199,29.0,819.0,Like
157,199,29.0,706.0,Gas
157,199,29.0,704.0,Gas
157,199,29.0,335.0,Like
157,199,29.0,686.0,Like
157,199,29.0,424.0,Like
157,199,29.0,152.0,Like
157,199,29.0,530.0,Like
157,199,29.0,43.0,Like
157,199,29.0,25.0,Like
157,199,29.0,1.0,Like
157,201,1.0,221.0,Like
157,201,1.0,704.0,Like
157,201,1.0,152.0,Like
157,201,1.0,43.0,Like
157,201,1.0,25.0,Like
157,201,1.0,29.0,Like
157,208,1.0,25.0,Like
157,250,1.0,152.0,Like
157,250,1.0,287.0,Like
157,250,1.0,25.0,Like
157,250,1.0,43.0,Like
158,200,1.0,244.0,Like
158,200,1.0,237.0,Like
158,200,1.0,63.0,Like
158,200,1.0,43.0,Like
158,210,1.0,43.0,Like
158,439,63.0,82.0,Hitler Approves
158,439,63.0,60.0,Like
158,439,63.0,55.0,Like
158,439,63.0,1.0,Like
158,441,60.0,1.0,Like
158,441,60.0,63.0,Like
158,1668,101.0,178.0,Like
158,1668,101.0,1.0,Like
158,1669,229.0,1.0,Like
159,206,1.0,406.0,Hitler Approves
159,206,1.0,152.0,Like
159,206,1.0,101.0,Like
159,206,1.0,126.0,Like
178,230,1.0,1012.0,Like
178,230,1.0,858.0,Like
178,230,1.0,829.0,Like
178,230,1.0,424.0,Like
178,230,1.0,168.0,Like
178,230,1.0,274.0,Hitler Approves
178,230,1.0,178.0,Hitler Approves
178,230,1.0,101.0,Like
178,230,1.0,43.0,Like
178,230,1.0,29.0,Hitler Approves
178,231,29.0,858.0,Like
178,1347,234.0,229.0,Gas
180,233,37.0,1.0,Like
182,239,1.0,424.0,Like
182,239,1.0,178.0,Like
182,239,1.0,763.0,Like
182,239,1.0,101.0,Like
182,239,1.0,55.0,Like
182,239,1.0,25.0,Like
183,240,38.0,1.0,Like
184,246,43.0,1.0,Like
184,247,1.0,43.0,Like
184,1711,43.0,237.0,Like
186,252,40.0,43.0,Like
186,252,40.0,1.0,Like
186,253,40.0,25.0,Like
186,253,40.0,1.0,Like
186,254,1.0,43.0,Like
189,257,40.0,124.0,Like
189,257,40.0,98.0,Like
189,257,40.0,65.0,Like
189,257,40.0,55.0,Hitler Approves
189,257,40.0,44.0,Like
189,257,40.0,43.0,Like
192,260,44.0,43.0,Like
192,260,44.0,1.0,Like
195,268,40.0,43.0,Like
197,271,1.0,625.0,Mason +1
197,271,1.0,199.0,Like
197,271,1.0,44.0,Mason +1
197,271,1.0,43.0,Mason +1
197,279,42.0,55.0,Like
197,286,44.0,55.0,Like
197,293,49.0,55.0,Hitler Approves
197,293,49.0,42.0,Hitler Approves
197,297,1.0,981.0,Hitler Approves
197,297,1.0,197.0,Like
197,297,1.0,178.0,Mason +1
197,297,1.0,43.0,Like
197,297,1.0,49.0,Like
197,297,1.0,42.0,Rockwell Salute
197,302,42.0,43.0,Like
197,302,42.0,1.0,Like
197,302,42.0,49.0,Like
197,312,55.0,49.0,Like
197,312,55.0,1.0,Like
197,313,1.0,49.0,Like
197,315,55.0,625.0,Like
197,315,55.0,49.0,Like
197,315,55.0,1.0,Like
197,318,55.0,49.0,Like
197,333,55.0,63.0,Like
197,341,42.0,48.0,Like
197,342,55.0,43.0,Like
197,342,55.0,63.0,Like
197,342,55.0,42.0,Like
197,342,55.0,56.0,Like
197,387,55.0,63.0,Like
197,390,55.0,625.0,Like
197,390,55.0,42.0,Like
197,403,60.0,625.0,Like
197,403,60.0,193.0,Like
197,403,60.0,40.0,Like
197,403,60.0,43.0,Like
197,405,55.0,239.0,Like
197,405,55.0,63.0,Like
197,405,55.0,49.0,Like
197,406,60.0,49.0,Like
197,408,55.0,60.0,Like
197,409,63.0,477.0,Like
197,409,63.0,55.0,Like
197,409,63.0,60.0,Like
197,423,55.0,40.0,Hitler Approves
197,1516,229.0,101.0,Like
197,1516,229.0,1.0,Like
197,1519,250.0,1.0,Like
197,1519,250.0,229.0,Like
197,1520,229.0,1.0,Like
197,1520,229.0,250.0,Like
197,1521,250.0,229.0,Like
197,1522,229.0,1.0,Like
197,1522,229.0,250.0,Like
197,1524,229.0,1.0,Like
197,1525,233.0,1.0,Like
197,1525,233.0,229.0,Like
197,1526,229.0,1.0,Like
197,1526,229.0,233.0,Like
197,1528,233.0,178.0,Like
197,1528,233.0,229.0,Like
197,1538,101.0,239.0,Gas
197,1538,101.0,229.0,Hitler Approves
197,1538,101.0,233.0,Mason +1
198,272,1.0,221.0,Like
198,272,1.0,101.0,Like
198,272,1.0,43.0,Like
198,275,1.0,43.0,Like
198,277,40.0,43.0,Like
198,277,40.0,1.0,Like
198,1198,202.0,1.0,Like
198,1313,224.0,267.0,Like
198,1313,224.0,101.0,Like
198,1323,224.0,101.0,Like
204,290,52.0,42.0,Like
204,292,42.0,52.0,Like
206,298,49.0,137.0,Like
219,346,40.0,131.0,Like
219,346,40.0,55.0,Rockwell Salute
219,346,40.0,56.0,Like
219,346,40.0,63.0,Mason +1
221,348,63.0,42.0,Like
223,351,66.0,42.0,Hitler Approves
223,352,66.0,42.0,Hitler Approves
223,355,42.0,63.0,Like
223,355,42.0,48.0,Like
223,356,40.0,42.0,Like
223,358,40.0,42.0,Like
223,398,66.0,43.0,Like
223,398,66.0,1.0,Like
228,364,55.0,1.0,Like
228,372,1.0,55.0,Like
240,397,70.0,55.0,Gas
242,413,40.0,42.0,Rockwell Salute
242,427,1.0,55.0,Like
244,445,1.0,43.0,Like
244,467,1.0,454.0,Like
244,467,1.0,43.0,Like
245,447,73.0,43.0,Like
245,555,42.0,55.0,Rockwell Salute
245,556,55.0,42.0,Rockwell Salute
245,557,40.0,42.0,Like
248,450,60.0,131.0,Like
248,450,60.0,55.0,Like
248,450,60.0,49.0,Like
248,450,60.0,63.0,Like
248,452,60.0,43.0,Like
248,465,1.0,60.0,Like
248,466,55.0,60.0,Like
248,469,60.0,431.0,Mason +1
248,474,55.0,43.0,Like
248,476,55.0,43.0,Like
248,622,29.0,1.0,Like
248,637,40.0,29.0,Like
248,638,1.0,29.0,Like
248,904,147.0,43.0,Like
249,478,79.0,1.0,Like
252,485,43.0,40.0,Like
252,492,40.0,55.0,Mason +1
253,487,42.0,49.0,Like
253,488,49.0,168.0,Like
253,488,49.0,42.0,Hitler Approves
253,488,49.0,43.0,Like
253,490,29.0,221.0,Like
253,490,29.0,252.0,Like
253,490,29.0,42.0,Like
253,491,40.0,42.0,Like
253,491,40.0,63.0,Like
253,491,40.0,43.0,Like
253,1832,196.0,164.0,Like
253,1832,196.0,25.0,Like
253,1832,196.0,156.0,Like
253,3639,401.0,530.0,Like
253,3916,424.0,178.0,Like
254,493,1.0,137.0,Like
254,493,1.0,29.0,Like
254,493,1.0,101.0,Like
254,493,1.0,49.0,Like
254,494,55.0,63.0,Like
254,495,60.0,10.0,Gas
254,495,60.0,50.0,Gas
254,495,60.0,55.0,Like
254,495,60.0,63.0,Like
254,496,60.0,50.0,Anti-Fascist
254,496,60.0,55.0,Like
254,498,60.0,50.0,Gas
254,500,60.0,128.0,Gas
254,500,60.0,50.0,Gas
254,502,60.0,50.0,Gas
254,504,1.0,43.0,Like
254,523,73.0,55.0,Like
254,523,73.0,60.0,Like
254,532,60.0,333.0,Like
254,532,60.0,50.0,Gas
254,535,60.0,50.0,Gas
254,543,55.0,60.0,Like
254,545,60.0,50.0,Gas
254,545,60.0,55.0,Hitler Approves
254,546,55.0,60.0,Like
254,546,55.0,73.0,Like
260,552,55.0,147.0,Like
260,561,60.0,50.0,Rockwell Salute
261,553,42.0,144.0,Like
261,553,42.0,55.0,Like
261,553,42.0,49.0,Like
261,554,55.0,43.0,Hitler Approves
261,858,101.0,43.0,Like
261,873,101.0,43.0,Like
261,877,131.0,1021.0,Like
264,571,92.0,79.0,Like
264,571,92.0,43.0,Like
264,572,43.0,92.0,Hitler Approves
264,583,29.0,43.0,Like
264,595,65.0,25.0,Like
264,595,65.0,1.0,Like
264,595,65.0,29.0,Like
264,595,65.0,92.0,Like
264,607,92.0,29.0,Gas
264,612,40.0,1.0,Like
267,579,94.0,43.0,Like
268,705,101.0,43.0,Like
268,706,42.0,43.0,Like
276,600,99.0,43.0,Like
276,600,99.0,40.0,Like
276,600,99.0,1.0,Like
279,608,101.0,42.0,Mason +1
279,608,101.0,29.0,Gas
279,608,101.0,40.0,Gas
279,608,101.0,65.0,Gas
279,611,65.0,42.0,Like
279,614,101.0,42.0,Mason +1
279,614,101.0,1.0,Like
279,624,101.0,42.0,Mason +1
279,626,101.0,42.0,Mason +1
279,628,101.0,42.0,Mason +1
279,630,101.0,99.0,Mason +1
279,643,335.0,42.0,Like
279,643,335.0,99.0,Mason +1
279,643,335.0,101.0,Mason +1
279,645,40.0,42.0,Like
280,610,101.0,1.0,Like
282,617,99.0,796.0,Like
282,617,99.0,152.0,Like
282,617,99.0,229.0,Like
282,617,99.0,198.0,Like
282,617,99.0,199.0,Like
282,617,99.0,147.0,Like
282,617,99.0,43.0,Like
282,617,99.0,49.0,Like
282,617,99.0,25.0,Like
282,617,99.0,1.0,Like
282,1200,202.0,229.0,Like
282,4576,1018.0,178.0,Like
282,4610,1012.0,1018.0,Like
282,4610,1012.0,906.0,Like
282,4610,1012.0,177.0,Like
285,633,101.0,42.0,Like
286,634,99.0,1.0,Like
291,650,335.0,101.0,Like
291,652,101.0,1.0,Like
291,652,101.0,42.0,Like
291,657,65.0,42.0,Sneaky Nazi
291,667,335.0,101.0,Like
291,667,335.0,42.0,Like
295,659,42.0,178.0,Like
295,659,42.0,25.0,Like
295,659,42.0,49.0,Like
295,659,42.0,1.0,Like
295,659,42.0,101.0,Like
295,673,101.0,126.0,Like
295,673,101.0,178.0,Hitler Approves
295,673,101.0,131.0,Like
295,673,101.0,25.0,Like
295,673,101.0,49.0,Like
295,673,101.0,1.0,Like
295,673,101.0,42.0,Hitler Approves
295,855,131.0,198.0,Like
295,855,131.0,178.0,Like
295,855,131.0,101.0,Like
295,855,131.0,49.0,Like
295,861,49.0,156.0,Like
295,861,49.0,178.0,Like
295,861,49.0,101.0,Like
295,861,49.0,1.0,Like
295,1058,94.0,198.0,Like
295,1058,94.0,178.0,Like
295,1058,94.0,131.0,Like
295,1239,178.0,1.0,Like
295,1241,126.0,178.0,Like
295,1241,126.0,199.0,Like
295,1241,126.0,101.0,Hitler Approves
295,1241,126.0,42.0,Hitler Approves
295,1246,199.0,299.0,Like
295,1246,199.0,178.0,Like
295,1246,199.0,1.0,Like
295,2109,156.0,335.0,Hitler Approves
296,664,40.0,101.0,Shlomo
296,666,1.0,101.0,Like
296,670,1.0,101.0,Like
297,665,40.0,1.0,Like
301,1449,229.0,178.0,Like
301,1449,229.0,1.0,Like
301,1449,229.0,101.0,Like
302,690,105.0,166.0,Like
304,682,110.0,1.0,Like
304,682,110.0,40.0,Like
305,683,42.0,1030.0,Like
305,683,42.0,221.0,Like
305,683,42.0,131.0,Like
305,683,42.0,65.0,Like
305,683,42.0,1.0,Hitler Approves
305,683,42.0,25.0,Like
305,683,42.0,109.0,Hitler Approves
305,683,42.0,110.0,Like
305,683,42.0,49.0,Like
306,685,101.0,328.0,Like
306,685,101.0,367.0,Like
306,685,101.0,229.0,Like
306,685,101.0,193.0,Rockwell Salute
306,685,101.0,126.0,Like
306,685,101.0,166.0,Like
306,685,101.0,110.0,Gas
306,685,101.0,1.0,Like
306,685,101.0,65.0,Gas
306,685,101.0,42.0,Like
306,686,40.0,42.0,Shlomo
306,688,101.0,367.0,Like
306,688,101.0,229.0,Hitler Approves
306,688,101.0,42.0,Mason +1
306,694,101.0,367.0,Like
306,694,101.0,1.0,Like
306,695,42.0,367.0,Like
306,696,40.0,25.0,Like
306,696,40.0,49.0,Like
306,696,40.0,1.0,Like
306,696,40.0,65.0,Like
306,696,40.0,110.0,Like
306,704,101.0,367.0,Like
306,704,101.0,229.0,Like
306,704,101.0,1.0,Like
306,708,101.0,367.0,Like
306,708,101.0,229.0,Like
306,713,101.0,244.0,Like
306,720,49.0,156.0,Like
306,720,49.0,124.0,Like
306,720,49.0,110.0,Like
306,720,49.0,43.0,Like
306,720,49.0,29.0,Like
306,720,49.0,1.0,Like
306,721,101.0,1.0,Like
306,723,49.0,42.0,Like
306,729,1.0,367.0,Like
306,729,1.0,101.0,Like
306,730,101.0,367.0,Like
306,734,40.0,29.0,Like
306,740,101.0,1.0,Like
306,746,101.0,1.0,Like
306,769,119.0,43.0,Like
306,769,119.0,25.0,Like
306,769,119.0,40.0,Like
306,777,101.0,1.0,Like
306,779,119.0,42.0,Like
306,804,101.0,174.0,Like
306,830,116.0,49.0,Hitler Approves
306,1074,174.0,176.0,Like
306,1074,174.0,101.0,Like
306,1381,236.0,101.0,Like
306,1390,239.0,1.0,Like
306,1392,1.0,101.0,Like
306,1392,1.0,236.0,Hitler Approves
306,1398,236.0,101.0,Like
306,1398,236.0,1.0,Like
306,1398,236.0,126.0,Like
306,1399,101.0,336.0,Like
306,1399,101.0,229.0,Like
306,1399,101.0,178.0,Like
306,1399,101.0,1.0,Like
306,1399,101.0,126.0,Like
306,1424,101.0,1.0,Like
306,1424,101.0,126.0,Like
306,1432,148.0,530.0,Like
306,1432,148.0,101.0,Like
306,1434,101.0,193.0,Like
306,1448,229.0,199.0,Like
306,1448,229.0,1.0,Like
306,1448,229.0,101.0,Like
306,1448,229.0,233.0,Like
306,1448,229.0,193.0,Like
306,1460,101.0,1.0,Like
306,1460,101.0,229.0,Like
306,2586,1.0,229.0,Like
306,2587,328.0,148.0,Like
306,2642,199.0,328.0,Like
306,2645,275.0,199.0,Like
306,2646,336.0,199.0,Like
306,2646,336.0,101.0,Like
306,2648,402.0,328.0,Like
306,2650,168.0,42.0,Like
306,2956,168.0,229.0,Like
306,2987,336.0,275.0,Like
306,2987,336.0,328.0,Like
306,3204,362.0,410.0,Like
306,3204,362.0,328.0,Like
307,703,111.0,42.0,Like
307,703,111.0,25.0,Like
307,703,111.0,101.0,Like
307,703,111.0,40.0,Like
307,703,111.0,1.0,Like
310,722,40.0,119.0,Like
310,722,40.0,43.0,Like
310,726,40.0,119.0,Like
311,739,40.0,101.0,Like
317,766,119.0,43.0,Like
322,783,40.0,101.0,Like
322,868,131.0,101.0,Like
323,784,127.0,123.0,Rockwell Salute
325,793,125.0,1.0,Like
326,794,40.0,335.0,Hitler Approves
326,810,25.0,147.0,Like
326,810,25.0,99.0,Like
326,811,42.0,50.0,Gas
328,802,131.0,140.0,Like
328,802,131.0,43.0,Like
328,802,131.0,1.0,Like
328,805,101.0,43.0,Like
329,808,133.0,101.0,Shlomo
329,808,133.0,65.0,Gas
329,808,133.0,40.0,Like
329,808,133.0,29.0,Gas
329,815,65.0,221.0,Like
329,815,65.0,101.0,Like
329,815,65.0,42.0,Like
329,817,40.0,903.0,Like
329,826,101.0,42.0,Like
329,833,133.0,65.0,Gas
329,2423,351.0,164.0,Hitler Approves
329,2423,351.0,244.0,Like
330,829,126.0,49.0,Like
331,834,140.0,530.0,Like
331,834,140.0,49.0,Like
333,837,143.0,1.0,Like
334,839,42.0,50.0,Gas
334,894,40.0,49.0,Rockwell Salute
334,899,49.0,156.0,Like
334,899,49.0,126.0,Like
334,899,49.0,147.0,Like
334,899,49.0,101.0,Like
334,903,147.0,25.0,Like
334,903,147.0,49.0,Like
334,903,147.0,131.0,Like
334,903,147.0,126.0,Like
334,914,25.0,159.0,Like
334,914,25.0,147.0,Like
347,859,1.0,221.0,Like
347,859,1.0,922.0,Hitler Approves
347,859,1.0,940.0,Like
347,859,1.0,858.0,Like
347,859,1.0,726.0,Like
347,859,1.0,695.0,Gas
347,859,1.0,737.0,Mason +1
347,859,1.0,406.0,Hitler Approves
347,859,1.0,82.0,Mason +1
347,859,1.0,426.0,Like
347,859,1.0,352.0,Hitler Approves
347,859,1.0,287.0,Mason +1
347,859,1.0,138.0,Mason +1
347,859,1.0,229.0,Mason +1
347,859,1.0,267.0,Hitler Approves
347,859,1.0,224.0,Hitler Approves
347,859,1.0,176.0,Like
347,859,1.0,42.0,Like
347,859,1.0,244.0,Like
347,859,1.0,147.0,Like
347,859,1.0,126.0,Like
347,859,1.0,65.0,Hitler Approves
347,859,1.0,49.0,Like
347,859,1.0,101.0,Like
347,859,1.0,133.0,Gas
348,863,43.0,229.0,Like
348,863,43.0,40.0,Like
348,867,131.0,43.0,Like
348,871,1.0,236.0,Hitler Approves
348,871,1.0,43.0,Like
348,871,1.0,101.0,Like
348,874,101.0,43.0,Like
348,876,29.0,43.0,Like
348,876,29.0,40.0,Like
348,1199,193.0,530.0,Like
348,1227,178.0,530.0,Like
348,1227,178.0,43.0,Like
348,1227,178.0,199.0,Like
348,1227,178.0,1.0,Like
348,1227,178.0,101.0,Like
348,1228,101.0,178.0,Like
348,1228,101.0,199.0,Like
348,1228,101.0,1.0,Like
348,1231,178.0,1.0,Like
348,1237,199.0,229.0,Mason +1
348,1237,199.0,156.0,Like
348,1237,199.0,25.0,Like
348,1237,199.0,178.0,Like
348,1237,199.0,43.0,Like
348,1237,199.0,1.0,Like
348,1237,199.0,101.0,Like
348,1237,199.0,126.0,Like
348,1325,229.0,233.0,Like
348,1328,229.0,233.0,Like
348,1328,229.0,199.0,Like
348,1341,233.0,229.0,Like
348,1344,119.0,530.0,Like
348,1344,119.0,199.0,Like
348,1349,229.0,1.0,Like
348,1349,229.0,233.0,Like
348,1354,221.0,229.0,Mason +1
348,1357,229.0,233.0,Like
348,1357,229.0,221.0,Hitler Approves
348,1361,233.0,530.0,Like
348,1361,233.0,229.0,Hitler Approves
348,1371,1.0,530.0,Like
348,1371,1.0,101.0,Like
348,1371,1.0,233.0,Like
348,1371,1.0,229.0,Like
348,1372,233.0,229.0,Like
348,1382,233.0,229.0,Like
348,1413,221.0,233.0,Like
348,1415,1.0,244.0,Like
348,1445,233.0,178.0,Like
348,1445,233.0,229.0,Like
348,1489,530.0,178.0,Like
348,1489,530.0,229.0,Like
348,1492,196.0,178.0,Like
348,1492,196.0,101.0,Like
348,1492,196.0,1.0,Like
348,1494,196.0,178.0,Like
348,1500,178.0,530.0,Like
348,1502,236.0,1.0,Like
348,1502,236.0,101.0,Like
348,1506,233.0,1.0,Like
348,1854,274.0,1.0,Like
351,887,141.0,40.0,Like
351,907,101.0,25.0,Like
351,917,131.0,915.0,Rockwell Salute
358,911,152.0,151.0,Like
358,911,152.0,40.0,Like
358,911,152.0,101.0,Like
358,911,152.0,1.0,Like
359,915,147.0,119.0,Like
359,915,147.0,1.0,Like
359,4567,1.0,1030.0,Like
360,934,152.0,147.0,Like
360,947,99.0,147.0,Like
360,965,147.0,99.0,Like
361,929,1.0,1030.0,Like
361,929,1.0,147.0,Like
361,929,1.0,152.0,Like
371,952,156.0,147.0,Like
371,952,156.0,101.0,Like
373,957,40.0,279.0,Like
373,957,40.0,213.0,Like
373,957,40.0,42.0,Like
373,957,40.0,244.0,Hitler Approves
373,957,40.0,147.0,Like
373,957,40.0,49.0,Like
373,957,40.0,156.0,Like
373,957,40.0,126.0,Like
373,962,40.0,42.0,Like
374,961,244.0,147.0,Like
374,961,244.0,49.0,Like
374,961,244.0,156.0,Like
374,969,159.0,101.0,Gas
374,969,159.0,126.0,Gas
374,979,244.0,101.0,Like
374,982,29.0,147.0,Like
374,982,29.0,101.0,Like
374,982,29.0,244.0,Like
374,1632,244.0,239.0,Like
378,988,25.0,166.0,Like
378,988,25.0,244.0,Like
378,988,25.0,49.0,Like
379,992,164.0,40.0,Like
380,1001,29.0,156.0,Like
380,1001,29.0,178.0,Like
380,1001,29.0,152.0,Like
380,1001,29.0,49.0,Like
380,1001,29.0,25.0,Like
380,1001,29.0,43.0,Like
380,1002,40.0,152.0,Like
380,1002,40.0,49.0,Like
380,1007,101.0,273.0,Like
380,1007,101.0,1.0,Like
380,1708,237.0,138.0,Like
380,1712,239.0,279.0,Like
380,1728,29.0,237.0,Like
380,1762,274.0,237.0,Like
380,1762,274.0,1.0,Like
380,1780,101.0,1.0,Like
380,1780,101.0,239.0,Gas
380,1782,237.0,239.0,Like
380,1783,101.0,239.0,Gas
380,1783,101.0,1.0,Like
380,1785,237.0,239.0,Like
380,1787,101.0,1.0,Like
380,1787,101.0,273.0,Like
380,1787,101.0,239.0,Gas
380,1789,273.0,1.0,Like
380,1789,273.0,229.0,Like
380,1789,273.0,101.0,Like
380,1790,239.0,101.0,Gas
380,1795,101.0,1.0,Like
380,1796,273.0,101.0,Like
380,1796,273.0,1.0,Like
380,1801,237.0,239.0,Like
380,1803,1.0,40.0,Like
380,1803,1.0,178.0,Like
380,1803,1.0,101.0,Like
380,1805,101.0,239.0,Gas
380,1808,178.0,40.0,Like
380,1812,239.0,237.0,Like
380,1813,101.0,178.0,Like
380,1813,101.0,1.0,Hitler Approves
380,1813,101.0,239.0,Gas
380,1815,239.0,237.0,Like
380,1816,237.0,239.0,Like
380,1819,236.0,178.0,Like
380,1819,236.0,1.0,Hitler Approves
380,1819,236.0,237.0,Like
380,1819,236.0,273.0,Like
380,1819,236.0,239.0,Like
380,1821,101.0,275.0,Like
380,1821,101.0,236.0,Like
380,1821,101.0,1.0,Like
380,1821,101.0,239.0,Gas
380,1821,101.0,273.0,Like
380,1825,1.0,275.0,Like
380,1825,1.0,43.0,Like
380,1825,1.0,101.0,Like
380,1825,1.0,229.0,Like
380,1837,236.0,43.0,Like
380,1837,236.0,1.0,Like
380,1837,236.0,237.0,Like
380,1837,236.0,101.0,Like
380,1845,1.0,25.0,Like
380,1845,1.0,239.0,Like
380,1845,1.0,101.0,Like
380,1868,1.0,237.0,Like
381,1003,166.0,49.0,Like
381,1003,166.0,152.0,Like
381,1003,166.0,126.0,Like
381,1011,166.0,29.0,Gas
381,1012,29.0,101.0,Like
381,1018,40.0,166.0,Hitler Approves
382,1020,167.0,126.0,Gas
382,1020,167.0,42.0,Gas
382,1020,167.0,99.0,Gas
382,1020,167.0,101.0,Gas
382,1020,167.0,29.0,Gas
382,1024,29.0,101.0,Like
382,1024,29.0,49.0,Like
382,1029,49.0,101.0,Like
382,1030,101.0,43.0,Like
382,1034,42.0,101.0,Like
382,1034,42.0,49.0,Like
382,1038,29.0,101.0,Mason +1
382,1041,167.0,29.0,Gas
382,1041,167.0,101.0,Anti-Fascist
385,1037,101.0,43.0,Like
385,1037,101.0,156.0,Like
385,1037,101.0,25.0,Like
385,1037,101.0,1.0,Like
385,1037,101.0,49.0,Like
385,1037,101.0,126.0,Like
385,1037,101.0,29.0,Like
385,1040,101.0,43.0,Like
385,1046,101.0,1.0,Like
385,1046,101.0,49.0,Like
385,1048,49.0,1.0,Like
385,1049,101.0,1.0,Like
385,1053,1.0,26.0,Like
385,1053,1.0,101.0,Like
385,1053,1.0,49.0,Like
386,1042,167.0,233.0,Anti-Fascist
386,1042,167.0,101.0,Anti-Fascist
386,1052,101.0,40.0,Like
387,1043,168.0,199.0,Like
387,1043,168.0,40.0,Like
392,1095,1.0,156.0,Like
392,1104,1.0,156.0,Like
393,1059,171.0,111.0,Hitler Approves
393,1059,171.0,175.0,Hitler Approves
394,1061,172.0,29.0,Gas
394,1065,101.0,197.0,Like
394,1065,101.0,199.0,Like
394,1065,101.0,156.0,Like
394,1065,101.0,1.0,Like
394,1065,101.0,40.0,Like
394,1071,174.0,1.0,Like
394,1279,101.0,178.0,Like
394,1281,199.0,156.0,Like
394,1281,199.0,178.0,Like
394,1281,199.0,25.0,Like
394,1281,199.0,101.0,Like
394,1281,199.0,29.0,Like
394,1283,156.0,178.0,Like
394,1283,156.0,223.0,Like
394,1283,156.0,101.0,Like
394,1293,178.0,101.0,Like
394,1293,178.0,156.0,Like
394,1296,172.0,156.0,Gas
394,1296,172.0,101.0,Gas
394,1302,101.0,197.0,Like
394,1302,101.0,49.0,Like
394,1302,101.0,156.0,Like
394,1302,101.0,199.0,Like
395,1064,174.0,101.0,Like
395,1064,174.0,1.0,Like
395,1075,174.0,1.0,Mason +1
395,1075,174.0,101.0,Like
397,1068,175.0,176.0,Gas
397,1068,175.0,29.0,Gas
397,1068,175.0,40.0,Gas
397,1068,175.0,101.0,Gas
397,1110,29.0,176.0,Hitler Approves
397,1110,29.0,101.0,Like
397,1114,101.0,40.0,Like
397,1114,101.0,176.0,Like
398,1073,176.0,101.0,Like
399,1077,101.0,233.0,Mason +1
399,1077,101.0,236.0,Like
399,1077,101.0,49.0,Like
399,1077,101.0,126.0,Mason +1
399,1077,101.0,178.0,Like
399,1077,101.0,176.0,Mason +1
399,1077,101.0,1.0,Like
399,1111,152.0,250.0,Like
399,1111,152.0,229.0,Like
399,1197,199.0,147.0,Like
399,1197,199.0,94.0,Like
399,1197,199.0,25.0,Like
399,1197,199.0,101.0,Like
399,1197,199.0,1.0,Like
399,1232,210.0,101.0,Like
399,1375,229.0,233.0,Mason +1
399,1375,229.0,178.0,Like
399,1375,229.0,147.0,Like
399,1375,229.0,101.0,Like
399,1474,178.0,229.0,Like
399,1474,178.0,101.0,Like
399,1475,236.0,196.0,Like
399,1475,236.0,1.0,Like
399,1475,236.0,178.0,Like
399,1475,236.0,229.0,Like
399,1475,236.0,101.0,Like
399,1475,236.0,199.0,Like
400,1080,178.0,625.0,Like
400,1080,178.0,109.0,Hitler Approves
400,1080,178.0,152.0,Like
400,1080,178.0,49.0,Like
400,1080,178.0,101.0,Like
404,1088,148.0,152.0,Like
404,1088,148.0,49.0,Like
404,1088,148.0,1.0,Like
404,1088,148.0,156.0,Like
405,1091,184.0,40.0,Gas
405,1091,184.0,101.0,Gas
405,1091,184.0,29.0,Gas
405,1096,1.0,176.0,Like
405,1096,1.0,101.0,Like
405,1107,29.0,40.0,Like
405,1107,29.0,101.0,Like
406,1106,42.0,1030.0,Like
406,1106,42.0,49.0,Like
406,1106,42.0,138.0,Like
406,1106,42.0,1.0,Like
406,1108,29.0,237.0,Like
408,1134,101.0,178.0,Like
408,1141,42.0,178.0,Like
408,2047,299.0,229.0,Like
408,2068,299.0,101.0,Like
408,2072,42.0,101.0,Like
408,2072,42.0,299.0,Like
409,1133,101.0,40.0,Like
412,1155,101.0,1.0,Like
412,1156,1.0,101.0,Like
412,1192,101.0,1.0,Like
420,1170,156.0,1.0,Like
420,1189,156.0,1.0,Like
422,1182,199.0,178.0,Like
422,1182,199.0,101.0,Like
422,1182,199.0,126.0,Like
422,1182,199.0,42.0,Hitler Approves
422,1182,199.0,1.0,Like
422,1193,42.0,199.0,Like
423,1187,1.0,147.0,Like
423,1187,1.0,229.0,Like
423,1187,1.0,299.0,Like
423,1187,1.0,178.0,Like
423,1187,1.0,43.0,Like
425,1214,201.0,152.0,Gas
425,1214,201.0,25.0,Gas
425,1214,201.0,40.0,Gas
425,1214,201.0,101.0,Gas
425,1214,201.0,126.0,Gas
425,1217,101.0,199.0,Like
425,1217,101.0,126.0,Like
425,1221,201.0,101.0,Gas
425,1221,201.0,126.0,Gas
425,1221,201.0,25.0,Gas
426,1195,201.0,299.0,Shlomo
426,1195,201.0,233.0,Shlomo
427,1201,101.0,178.0,Like
427,1201,101.0,1.0,Like
427,1204,40.0,1.0,Like
427,1207,1.0,101.0,Like
428,1215,198.0,25.0,Like
428,1215,198.0,40.0,Like
430,1223,210.0,94.0,Like
430,1223,210.0,1.0,Like
435,1238,216.0,101.0,Like
435,1238,216.0,152.0,Like
436,1240,156.0,233.0,Hitler Approves
436,1240,156.0,43.0,Like
436,1243,152.0,43.0,Like
436,1243,152.0,156.0,Like
436,1248,156.0,152.0,Like
436,1248,156.0,43.0,Like
436,1269,156.0,152.0,Like
436,1284,152.0,156.0,Like
436,1517,196.0,156.0,Like
436,1517,196.0,1.0,Like
436,1527,233.0,156.0,Like
437,1245,101.0,224.0,Like
437,1245,101.0,1.0,Like
437,1245,101.0,156.0,Like
437,1249,156.0,199.0,Like
437,1249,156.0,101.0,Like
438,1631,40.0,1030.0,Like
439,1257,217.0,229.0,Like
439,1257,217.0,156.0,Like
439,1257,217.0,1.0,Like
439,1257,217.0,199.0,Like
440,1258,42.0,119.0,Like
440,1258,42.0,178.0,Like
440,1258,42.0,25.0,Like
440,1258,42.0,199.0,Like
440,1258,42.0,49.0,Like
440,1258,42.0,156.0,Like
441,1260,219.0,101.0,Like
442,1270,193.0,1.0,Like
442,1270,193.0,101.0,Like
442,1271,101.0,1.0,Like
442,1274,148.0,1.0,Like
442,1274,148.0,126.0,Like
442,1274,148.0,178.0,Like
442,1274,148.0,156.0,Like
442,1274,148.0,101.0,Like
442,1289,156.0,1.0,Like
442,1290,101.0,1.0,Like
442,1290,101.0,178.0,Like
442,1292,210.0,1.0,Like
442,1292,210.0,101.0,Like
442,1298,40.0,1.0,Like
442,1298,40.0,101.0,Like
442,1298,40.0,178.0,Like
442,1300,101.0,1.0,Like
442,1300,101.0,193.0,Hitler Approves
444,1304,101.0,1.0,Like
444,1310,1.0,101.0,Like
444,1311,221.0,101.0,Like
444,1311,221.0,1.0,Like
446,1303,101.0,1.0,Like
447,1306,224.0,101.0,Like
455,1322,229.0,244.0,Like
455,1322,229.0,171.0,Like
455,1322,229.0,1.0,Like
460,1335,233.0,229.0,Mason +1
462,1346,234.0,156.0,Like
462,1353,101.0,530.0,Like
462,1353,101.0,178.0,Like
462,1359,199.0,178.0,Like
462,1359,199.0,49.0,Like
462,1359,199.0,1.0,Like
462,1359,199.0,101.0,Like
462,1368,178.0,1.0,Like
462,1368,178.0,101.0,Like
462,1393,1.0,126.0,Like
462,1393,1.0,101.0,Like
462,1404,234.0,229.0,Gas
462,1404,234.0,233.0,Gas
462,1404,234.0,1.0,Gas
462,1405,178.0,530.0,Like
462,1405,178.0,1.0,Like
462,1406,101.0,1.0,Like
463,1348,156.0,424.0,Like
463,1348,156.0,335.0,Like
463,1348,156.0,229.0,Like
463,1348,156.0,299.0,Like
463,2437,299.0,156.0,Like
466,1367,101.0,250.0,Like
466,1367,101.0,233.0,Like
466,1367,101.0,229.0,Like
466,1369,229.0,101.0,Like
466,1369,229.0,530.0,Like
466,1369,229.0,233.0,Like
466,1373,233.0,101.0,Like
466,1373,233.0,229.0,Sneaky Nazi
466,1380,42.0,147.0,Like
466,1380,42.0,229.0,Like
466,1380,42.0,49.0,Like
466,1380,42.0,178.0,Like
466,1380,42.0,101.0,Like
466,1380,42.0,1.0,Like
466,1380,42.0,233.0,Like
466,1383,178.0,229.0,Like
466,1383,178.0,101.0,Like
466,1394,199.0,101.0,Like
467,1370,236.0,101.0,Like
468,1376,239.0,1.0,Like
469,1389,240.0,101.0,Like
469,1389,240.0,1.0,Hitler Approves
470,1411,243.0,198.0,Like
470,1439,171.0,156.0,Like
474,1459,29.0,121.0,Like
474,1459,29.0,138.0,Like
474,1459,29.0,233.0,Like
474,1459,29.0,178.0,Like
474,1459,29.0,530.0,Like
474,1459,29.0,101.0,Like
474,1459,29.0,1.0,Like
474,1529,233.0,229.0,Like
474,1553,233.0,229.0,Like
474,1559,178.0,244.0,Like
474,1560,101.0,1.0,Like
474,1560,101.0,233.0,Mason +1
474,1560,101.0,199.0,Like
474,1569,233.0,101.0,Like
474,1569,233.0,229.0,Mason +1
474,1587,244.0,743.0,Like
474,1860,25.0,1.0,Like
474,2107,333.0,29.0,Gas
474,2107,333.0,221.0,Gas
474,2107,333.0,101.0,Gas
474,2111,1.0,221.0,Like
474,2111,1.0,229.0,Like
474,2111,1.0,244.0,Like
474,2111,1.0,101.0,Like
474,2258,221.0,101.0,Like
474,2258,221.0,244.0,Like
475,1442,236.0,910.0,Like
475,1442,236.0,178.0,Like
475,1442,236.0,1.0,Like
475,1446,199.0,1.0,Like
475,1447,236.0,138.0,Like
475,1810,236.0,43.0,Like
475,1810,236.0,1.0,Like
476,1452,245.0,1.0,Like
476,1452,245.0,101.0,Like
477,1456,109.0,236.0,Like
477,1456,109.0,126.0,Like
477,1456,109.0,49.0,Like
477,1456,109.0,233.0,Like
477,1461,229.0,233.0,Like
477,1465,147.0,229.0,Like
477,1469,237.0,109.0,Hitler Approves
477,1469,237.0,198.0,Like
477,1479,198.0,109.0,Hitler Approves
478,1464,247.0,239.0,Like
478,1464,247.0,29.0,Gas
478,1677,247.0,239.0,Like
478,1723,101.0,247.0,Like
478,1727,29.0,239.0,Gas
479,1466,249.0,198.0,Gas
479,1466,249.0,40.0,Sneaky Nazi
479,1466,249.0,29.0,Gas
479,1466,249.0,229.0,Gas
479,1472,101.0,229.0,Like
480,1476,29.0,233.0,Sneaky Nazi
480,1477,250.0,1.0,Like
480,1501,178.0,233.0,Like
480,1501,178.0,101.0,Like
480,1508,178.0,101.0,Like
480,1508,178.0,250.0,Like
480,1518,250.0,178.0,Like
480,1544,178.0,250.0,Hitler Approves
483,1487,196.0,229.0,Like
483,1487,196.0,101.0,Like
483,1487,196.0,1.0,Like
483,1491,29.0,40.0,Like
488,1531,132.0,250.0,Like
488,1531,132.0,101.0,Like
488,1548,101.0,625.0,Like
488,1548,101.0,178.0,Like
488,1548,101.0,1.0,Like
494,1563,199.0,229.0,Like
494,1563,199.0,196.0,Like
494,1571,233.0,229.0,Like
494,1578,229.0,101.0,Like
494,1583,229.0,199.0,Like
495,1565,265.0,101.0,Gas
495,1565,265.0,229.0,Gas
495,1565,265.0,196.0,Gas
495,1565,265.0,233.0,Gas
495,1573,1.0,233.0,Like
496,1574,266.0,156.0,Gas
496,1574,266.0,233.0,Gas
496,1574,266.0,101.0,Gas
496,1574,266.0,199.0,Gas
496,1574,266.0,29.0,Gas
496,1577,199.0,178.0,Like
496,1577,199.0,101.0,Like
496,1577,199.0,229.0,Like
496,1577,199.0,1.0,Like
496,1579,229.0,1.0,Like
496,1579,229.0,101.0,Like
496,1580,101.0,178.0,Like
496,1580,101.0,229.0,Like
496,1580,101.0,1.0,Like
496,1585,233.0,229.0,Like
498,1588,1.0,915.0,Hitler Approves
498,1588,1.0,863.0,Hitler Approves
498,1588,1.0,178.0,Hitler Approves
498,1588,1.0,177.0,Like
498,1588,1.0,237.0,Hitler Approves
498,1588,1.0,199.0,Like
498,1588,1.0,233.0,Hitler Approves
498,1588,1.0,156.0,Like
498,1588,1.0,229.0,Like
498,1588,1.0,126.0,Like
498,1588,1.0,101.0,Like
499,1589,246.0,229.0,Like
500,1590,267.0,49.0,Gas
500,1590,267.0,251.0,Gas
500,1590,267.0,229.0,Gas
500,1590,267.0,101.0,Gas
500,1590,267.0,196.0,Gas
500,1590,267.0,233.0,Gas
500,1590,267.0,29.0,Gas
500,1592,29.0,229.0,Like
500,1592,29.0,237.0,Like
500,1592,29.0,101.0,Like
500,1594,233.0,229.0,Like
500,1594,233.0,237.0,Like
500,1595,156.0,43.0,Gas
500,1595,156.0,29.0,Gas
500,1595,156.0,229.0,Gas
500,1595,156.0,25.0,Like
500,1596,101.0,229.0,Like
500,1599,156.0,229.0,Gas
500,1602,29.0,229.0,Like
500,1602,29.0,237.0,Like
500,1602,29.0,101.0,Like
500,1602,29.0,1.0,Like
500,1606,237.0,229.0,Like
500,1606,237.0,244.0,Like
500,1607,237.0,229.0,Like
500,1622,148.0,237.0,Like
500,1635,42.0,43.0,Like
500,1635,42.0,1.0,Like
500,1635,42.0,237.0,Like
500,1637,237.0,1.0,Like
502,1600,270.0,233.0,Gas
502,1600,270.0,29.0,Gas
502,1604,101.0,229.0,Like
502,1605,29.0,229.0,Like
502,1617,233.0,101.0,Like
502,1617,233.0,229.0,Like
504,1615,272.0,1.0,Like
509,1627,275.0,299.0,Like
511,1640,237.0,229.0,Like
511,1640,237.0,239.0,Like
511,1670,229.0,101.0,Like
511,1670,229.0,239.0,Gas
512,1638,138.0,178.0,Like
512,1638,138.0,49.0,Like
512,1638,138.0,1.0,Like
512,1638,138.0,101.0,Like
512,1638,138.0,239.0,Gas
512,1643,42.0,178.0,Like
512,1643,42.0,49.0,Like
512,1643,42.0,237.0,Like
512,1643,42.0,229.0,Like
512,1643,42.0,138.0,Like
514,1655,279.0,237.0,Like
514,1658,196.0,1.0,Like
514,1658,196.0,237.0,Like
514,1663,196.0,237.0,Like
514,1663,196.0,1.0,Like
514,1768,279.0,237.0,Like
514,1770,178.0,237.0,Like
514,1772,239.0,237.0,Like
519,1706,239.0,237.0,Like
519,1720,282.0,273.0,Gas
519,1720,282.0,233.0,Gas
519,1720,282.0,101.0,Gas
519,1720,282.0,1.0,Gas
519,1721,1.0,237.0,Like
519,1721,1.0,178.0,Like
519,1721,1.0,233.0,Like
519,1721,1.0,101.0,Like
519,1724,233.0,101.0,Like
519,1724,233.0,178.0,Like
519,1736,282.0,233.0,Gas
519,1736,282.0,273.0,Mason +1
519,1748,178.0,239.0,Like
520,1686,239.0,237.0,Like
520,1691,273.0,1.0,Like
520,1691,273.0,237.0,Like
520,1707,239.0,273.0,Gas
522,1763,101.0,221.0,Like
527,1798,269.0,199.0,Gas
527,1798,269.0,178.0,Gas
527,1798,269.0,164.0,Gas
527,1798,269.0,29.0,Gas
527,1798,269.0,101.0,Gas
527,1802,1.0,199.0,Like
527,1802,1.0,178.0,Like
527,1802,1.0,164.0,Like
527,1802,1.0,229.0,Like
527,1802,1.0,101.0,Like
527,1809,178.0,138.0,Like
527,1811,269.0,239.0,Like
527,1818,199.0,178.0,Like
527,1818,199.0,25.0,Like
527,1818,199.0,101.0,Like
527,1818,199.0,1.0,Like
527,1818,199.0,237.0,Like
527,1823,273.0,101.0,Like
527,1823,273.0,239.0,Gas
527,1828,269.0,239.0,Like
532,1863,1.0,25.0,Like
532,1863,1.0,275.0,Like
532,1863,1.0,178.0,Like
532,1863,1.0,236.0,Like
532,1863,1.0,138.0,Like
532,1863,1.0,101.0,Like
532,1864,236.0,101.0,Like
532,1864,236.0,1.0,Like
532,1864,236.0,138.0,Like
532,1872,236.0,138.0,Like
532,1872,236.0,178.0,Hitler Approves
532,1872,236.0,1.0,Hitler Approves
532,1872,236.0,25.0,Like
532,1884,178.0,138.0,Like
535,2009,287.0,239.0,Like
535,2081,287.0,239.0,Like
538,1885,530.0,199.0,Like
538,1886,236.0,199.0,Like
538,1886,236.0,229.0,Like
538,1888,156.0,1.0,Like
538,1888,156.0,199.0,Like
538,1888,156.0,244.0,Like
538,1889,101.0,178.0,Like
538,1889,101.0,1.0,Mason +1
538,1889,101.0,199.0,Like
538,1891,236.0,156.0,Like
538,1891,236.0,199.0,Like
538,1892,239.0,156.0,Like
539,1893,236.0,915.0,Like
539,1893,236.0,763.0,Like
539,1893,236.0,921.0,Like
539,1893,236.0,625.0,Like
539,1893,236.0,99.0,Like
539,1893,236.0,178.0,Like
539,1893,236.0,26.0,Like
539,1893,236.0,199.0,Like
539,1893,236.0,229.0,Like
539,1893,236.0,1.0,Like
540,1896,29.0,101.0,Like
542,1902,299.0,290.0,Like
542,1992,299.0,101.0,Like
543,1904,290.0,42.0,Like
543,1904,290.0,299.0,Mason +1
543,1904,290.0,101.0,Like
545,1910,304.0,121.0,Gas
545,1910,304.0,101.0,Gas
547,1914,236.0,481.0,Like
547,1914,236.0,299.0,Like
547,1919,40.0,481.0,Like
547,1919,40.0,229.0,Like
547,1920,274.0,229.0,Like
547,1920,274.0,312.0,Hitler Approves
547,1926,199.0,274.0,Gas
547,1927,274.0,199.0,Shlomo
547,1928,199.0,481.0,Like
547,1928,199.0,221.0,Shlomo
547,1928,199.0,274.0,Shlomo
547,1929,101.0,221.0,Like
547,1929,101.0,1.0,Hitler Approves
547,1929,101.0,210.0,Like
547,1929,101.0,229.0,Like
547,1929,101.0,199.0,Like
547,1936,156.0,239.0,Like
547,1936,156.0,196.0,Like
547,1936,156.0,252.0,Like
547,1937,178.0,221.0,Like
547,1937,178.0,275.0,Like
547,1937,178.0,156.0,Like
547,1938,25.0,221.0,Like
547,1938,25.0,530.0,Gas
547,1938,25.0,236.0,Like
547,1938,25.0,229.0,Like
547,1938,25.0,156.0,Like
547,1945,40.0,25.0,Like
547,1945,40.0,239.0,Like
547,1977,121.0,99.0,Gas
547,1977,121.0,239.0,Gas
547,1979,101.0,481.0,Like
547,1979,101.0,198.0,Mason +1
547,1979,101.0,199.0,Like
547,1979,101.0,121.0,Like
547,1985,156.0,121.0,Like
547,1986,196.0,239.0,Like
547,1987,239.0,121.0,Gas
547,1996,274.0,25.0,Like
547,1996,274.0,40.0,Like
547,1996,274.0,239.0,Like
547,2012,239.0,25.0,Like
547,2014,274.0,239.0,Like
547,2019,101.0,25.0,Like
547,2020,210.0,229.0,Like
547,2027,239.0,121.0,Like
547,2032,101.0,229.0,Like
547,2032,101.0,121.0,Like
547,2332,310.0,481.0,Like
547,2332,310.0,25.0,Like
547,2332,310.0,236.0,Like
547,2332,310.0,221.0,Mason +1
547,2332,310.0,101.0,Like
547,2332,310.0,1.0,Mason +1
547,2338,244.0,25.0,Like
547,2338,244.0,221.0,Like
548,1961,101.0,196.0,Like
548,1961,101.0,25.0,Like
549,1921,310.0,1.0,Like
550,1922,286.0,156.0,Like
550,1922,286.0,299.0,Like
550,2048,299.0,286.0,Hitler Approves
550,2061,239.0,275.0,Like
550,2061,239.0,252.0,Like
556,1957,274.0,121.0,Like
556,1959,101.0,236.0,Like
556,1967,101.0,121.0,Like
557,1963,313.0,273.0,Like
558,1971,315.0,101.0,Gas
559,1976,317.0,156.0,Like
559,1976,317.0,42.0,Like
559,1976,317.0,297.0,Like
559,1976,317.0,275.0,Like
559,1976,317.0,177.0,Like
562,2016,311.0,229.0,Like
562,2016,311.0,101.0,Like
569,2052,286.0,299.0,Like
569,2052,286.0,1.0,Like
569,2052,286.0,196.0,Like
569,2052,286.0,101.0,Like
571,2062,331.0,156.0,Like
571,2215,331.0,299.0,Like
574,2086,239.0,1.0,Rockwell Salute
576,2153,335.0,299.0,Like
576,2153,335.0,101.0,Like
576,2159,101.0,229.0,Like
579,2117,101.0,229.0,Like
579,2117,101.0,239.0,Gas
579,2119,299.0,101.0,Like
579,2119,299.0,1.0,Like
579,2120,299.0,101.0,Like
579,2123,101.0,1.0,Like
579,2131,333.0,299.0,Gas
579,2191,333.0,229.0,Sneaky Nazi
579,2191,333.0,299.0,Gas
579,2235,299.0,229.0,Like
579,2244,351.0,221.0,Like
580,2104,1.0,748.0,Like
580,2104,1.0,530.0,Like
580,2104,1.0,229.0,Like
580,2104,1.0,239.0,Like
580,2104,1.0,299.0,Like
580,2115,299.0,239.0,Like
581,2121,341.0,351.0,Gas
581,2121,341.0,29.0,Gas
581,2128,101.0,29.0,Like
581,2130,341.0,333.0,Gas
581,2174,101.0,178.0,Like
581,2180,341.0,42.0,Gas
581,2180,341.0,101.0,Gas
581,2180,341.0,333.0,Gas
581,2181,341.0,42.0,Gas
581,2187,101.0,178.0,Like
581,2189,335.0,178.0,Like
581,2189,335.0,101.0,Like
591,2166,101.0,221.0,Like
591,2170,148.0,196.0,Like
591,2245,221.0,148.0,Like
591,2245,221.0,101.0,Like
591,2245,221.0,299.0,Like
591,2245,221.0,229.0,Like
593,2178,343.0,121.0,Gas
593,2219,299.0,156.0,Like
593,2226,121.0,299.0,Like
593,2227,42.0,299.0,Like
593,2229,42.0,299.0,Like
593,2251,164.0,229.0,Mason +1
593,2288,101.0,221.0,Like
593,2289,299.0,221.0,Like
593,2303,299.0,229.0,Like
593,2304,229.0,299.0,Like
593,2307,121.0,229.0,Like
593,2309,40.0,229.0,Like
593,2341,221.0,229.0,Like
594,2183,339.0,101.0,Like
594,2183,339.0,335.0,Hitler Approves
595,2266,229.0,328.0,Like
596,2206,101.0,229.0,Like
596,2207,221.0,229.0,Like
596,2209,335.0,121.0,Like
596,2209,335.0,299.0,Like
596,2218,299.0,121.0,Like
596,2224,42.0,221.0,Like
598,2216,276.0,229.0,Like
601,2240,351.0,29.0,Gas
601,2240,351.0,164.0,Like
601,2240,351.0,42.0,Like
601,2249,221.0,42.0,Like
602,2253,299.0,168.0,Like
602,2253,299.0,101.0,Like
602,2253,299.0,1.0,Like
602,2254,221.0,101.0,Like
602,2254,221.0,1.0,Like
602,2264,1.0,25.0,Like
602,2264,1.0,229.0,Like
602,2265,229.0,178.0,Like
602,2265,229.0,99.0,Like
602,2265,229.0,25.0,Like
602,2265,229.0,275.0,Like
602,2265,229.0,164.0,Like
602,2265,229.0,1.0,Like
602,2265,229.0,221.0,Like
602,2268,164.0,229.0,Like
602,2282,101.0,25.0,Like
602,2282,101.0,221.0,Like
602,2283,229.0,360.0,Like
602,2283,229.0,221.0,Like
602,2311,335.0,99.0,Like
602,2311,335.0,1.0,Like
602,2311,335.0,229.0,Like
602,2313,279.0,1.0,Like
602,2314,335.0,229.0,Like
602,2314,335.0,279.0,Sneaky Nazi
602,2314,335.0,1.0,Like
602,2315,221.0,279.0,Like
602,2315,221.0,1.0,Like
602,2316,335.0,279.0,Gas
602,2316,335.0,1.0,Like
602,2323,1.0,229.0,Like
602,2323,1.0,279.0,Like
602,2323,1.0,299.0,Like
602,2325,299.0,229.0,Like
602,2325,299.0,335.0,Like
602,2329,236.0,1.0,Like
602,2340,221.0,299.0,Like
602,2475,178.0,530.0,Like
602,2475,178.0,229.0,Like
602,2475,178.0,351.0,Like
602,2490,530.0,351.0,Like
602,2491,351.0,530.0,Like
602,2549,290.0,178.0,Like
602,2549,290.0,530.0,Like
602,2549,290.0,1.0,Like
602,2549,290.0,299.0,Like
602,2552,299.0,101.0,Like
602,2552,299.0,290.0,Like
602,2553,290.0,530.0,Like
602,2553,290.0,299.0,Mason +1
602,2554,221.0,299.0,Like
602,2556,101.0,530.0,Like
602,2556,101.0,1.0,Like
602,2556,101.0,335.0,Like
602,2556,101.0,221.0,Like
602,2556,101.0,290.0,Like
602,2556,101.0,299.0,Like
603,2257,328.0,229.0,Like
604,2274,164.0,42.0,Mason +1
604,2274,164.0,1.0,Like
606,2339,299.0,335.0,Like
606,2369,236.0,299.0,Like
609,2343,361.0,244.0,Like
609,2343,361.0,335.0,Like
610,2345,335.0,625.0,Like
610,2345,335.0,768.0,Like
610,2345,335.0,406.0,Like
610,2345,335.0,290.0,Like
610,2345,335.0,42.0,Like
610,2345,335.0,229.0,Like
610,2345,335.0,299.0,Like
610,2345,335.0,221.0,Like
610,2345,335.0,244.0,Like
610,3918,399.0,406.0,Like
611,2347,335.0,625.0,Like
611,2347,335.0,229.0,Like
611,2347,335.0,236.0,Like
611,2347,335.0,42.0,Like
611,2347,335.0,1.0,Like
611,2850,236.0,843.0,Like
611,2850,236.0,410.0,Like
612,2351,362.0,244.0,Like
613,2352,335.0,843.0,Like
613,2352,335.0,42.0,Like
613,2352,335.0,164.0,Like
613,2352,335.0,244.0,Like
614,2354,362.0,423.0,Like
614,2354,362.0,275.0,Like
614,2357,1.0,236.0,Like
614,2357,1.0,351.0,Like
614,2359,101.0,229.0,Like
614,2359,101.0,236.0,Like
614,2359,101.0,275.0,Like
614,2360,362.0,101.0,Like
614,2390,344.0,328.0,Like
614,2390,344.0,42.0,Like
614,2390,344.0,1.0,Like
614,3117,362.0,328.0,Like
614,3118,362.0,328.0,Like
615,2361,101.0,922.0,Like
615,2361,101.0,625.0,Like
615,2361,101.0,410.0,Like
615,2361,101.0,156.0,Like
615,2370,299.0,410.0,Like
615,2370,299.0,101.0,Like
615,2382,229.0,410.0,Like
615,2382,229.0,168.0,Like
615,2382,229.0,101.0,Like
615,2382,229.0,156.0,Like
617,2375,364.0,229.0,Like
617,2375,364.0,299.0,Like
617,2375,364.0,236.0,Like
617,2375,364.0,335.0,Like
617,2375,364.0,101.0,Like
617,2375,364.0,1.0,Like
620,2379,365.0,351.0,Like
620,2379,365.0,229.0,Like
620,2379,365.0,101.0,Like
620,2393,101.0,351.0,Like
621,2380,366.0,42.0,Like
626,2398,353.0,726.0,Gas
626,2398,353.0,299.0,Sneaky Nazi
626,2398,353.0,351.0,Gas
626,2398,353.0,164.0,Sneaky Nazi
626,2398,353.0,101.0,Gas
626,2398,353.0,244.0,Gas
626,2398,353.0,229.0,Gas
626,2410,229.0,101.0,Like
626,2410,229.0,1.0,Like
626,2417,101.0,299.0,Like
626,2417,101.0,229.0,Like
626,2417,101.0,244.0,Like
626,2420,164.0,178.0,Like
626,2420,164.0,101.0,Like
626,2420,164.0,229.0,Like
626,2421,351.0,164.0,Like
626,2421,351.0,244.0,Like
626,2429,299.0,101.0,Like
626,2429,299.0,229.0,Like
626,2429,299.0,351.0,Like
626,2441,353.0,915.0,Gas
626,2441,353.0,351.0,Gas
626,2441,353.0,29.0,Gas
626,2468,299.0,101.0,Like
626,2689,101.0,233.0,Like
627,2405,101.0,530.0,Like
627,2405,101.0,351.0,Like
627,2416,244.0,351.0,Like
627,2434,299.0,351.0,Like
627,2435,351.0,299.0,Like
629,2422,373.0,29.0,Gas
629,2422,373.0,164.0,Sneaky Nazi
629,2440,164.0,25.0,Like
629,2440,164.0,199.0,Like
629,2440,164.0,229.0,Like
629,2442,373.0,379.0,Hitler Approves
629,2447,299.0,178.0,Like
629,2447,299.0,199.0,Like
629,2450,229.0,299.0,Like
629,2450,229.0,43.0,Like
629,2463,361.0,229.0,Like
629,2471,373.0,379.0,Like
629,2478,375.0,373.0,Like
629,2494,229.0,244.0,Like
629,2494,229.0,101.0,Like
629,2499,328.0,229.0,Like
629,2564,373.0,229.0,Sneaky Nazi
629,2567,101.0,299.0,Like
629,2567,101.0,229.0,Like
629,2570,299.0,164.0,Like
629,2570,299.0,101.0,Like
631,2426,375.0,351.0,Like
631,2575,101.0,367.0,Like
631,2577,367.0,335.0,Like
631,2577,367.0,101.0,Like
632,2466,101.0,299.0,Like
632,2513,335.0,229.0,Like
632,2513,335.0,351.0,Like
632,2519,229.0,843.0,Like
632,2519,229.0,178.0,Like
632,2519,229.0,1.0,Like
632,2519,229.0,156.0,Like
633,2448,229.0,727.0,Like
633,2448,229.0,530.0,Like
633,2448,229.0,178.0,Like
633,2448,229.0,156.0,Like
633,2448,229.0,236.0,Like
633,2448,229.0,299.0,Like
633,2448,229.0,244.0,Like
633,2479,229.0,43.0,Like
633,2480,351.0,229.0,Like
636,2464,379.0,367.0,Gas
636,2464,379.0,164.0,Shlomo
636,2464,379.0,29.0,Gas
636,2469,101.0,367.0,Like
636,2469,101.0,299.0,Like
636,2469,101.0,229.0,Like
636,2470,29.0,367.0,Like
636,2470,29.0,229.0,Like
636,2495,164.0,367.0,Like
636,2495,164.0,229.0,Like
636,2495,164.0,101.0,Like
636,2498,351.0,367.0,Like
636,2498,351.0,229.0,Like
636,2498,351.0,164.0,Like
636,2498,351.0,101.0,Like
636,2527,379.0,367.0,Gas
636,2531,1.0,367.0,Like
636,2533,101.0,367.0,Like
636,2533,101.0,229.0,Like
636,2535,379.0,367.0,Gas
636,2535,379.0,164.0,Gas
636,2535,379.0,299.0,Gas
636,2536,101.0,367.0,Like
636,2536,101.0,229.0,Like
636,2536,101.0,299.0,Like
636,2538,299.0,367.0,Rockwell Salute
636,2538,299.0,101.0,Like
636,2538,299.0,1.0,Rockwell Salute
636,2539,229.0,367.0,Like
636,2539,229.0,299.0,Like
636,2546,29.0,99.0,Like
636,2546,29.0,367.0,Mason +1
636,2546,29.0,299.0,Mason +1
636,2546,29.0,101.0,Mason +1
636,2546,29.0,229.0,Like
636,2547,221.0,367.0,Like
636,2547,221.0,229.0,Like
636,2578,367.0,101.0,Like
636,2578,367.0,229.0,Like
636,2608,299.0,101.0,Like
637,2487,101.0,178.0,Like
637,2487,101.0,299.0,Like
637,2487,101.0,229.0,Like
638,2486,530.0,351.0,Like
638,2492,229.0,351.0,Like
638,2493,351.0,229.0,Like
639,2515,164.0,221.0,Like
639,2515,164.0,101.0,Like
639,2515,164.0,229.0,Like
639,2515,164.0,351.0,Hitler Approves
639,2516,236.0,221.0,Like
639,2516,236.0,1.0,Like
639,2516,236.0,299.0,Like
639,2518,229.0,199.0,Like
639,2518,229.0,1.0,Like
639,2518,229.0,101.0,Like
639,2521,101.0,148.0,Like
639,2521,101.0,164.0,Like
639,2521,101.0,1.0,Like
639,2521,101.0,229.0,Like
639,2523,299.0,1.0,Like
639,2523,299.0,101.0,Like
639,2550,290.0,229.0,Like
639,2550,290.0,101.0,Like
642,2555,387.0,199.0,Gas
642,2560,229.0,233.0,Like
642,2560,229.0,199.0,Like
643,2557,199.0,177.0,Like
643,2557,199.0,829.0,Like
643,2557,199.0,399.0,Like
643,2557,199.0,922.0,Like
643,2557,199.0,625.0,Like
643,2557,199.0,805.0,Like
643,2557,199.0,791.0,Like
643,2557,199.0,178.0,Like
643,2557,199.0,763.0,Like
643,2557,199.0,147.0,Like
643,2557,199.0,424.0,Like
643,2557,199.0,481.0,Like
643,2557,199.0,550.0,Like
643,2557,199.0,344.0,Like
643,2557,199.0,43.0,Like
643,2557,199.0,360.0,Like
643,2557,199.0,277.0,Mason +1
643,2557,199.0,168.0,Like
643,2557,199.0,99.0,Like
643,2557,199.0,275.0,Like
643,2557,199.0,290.0,Like
643,2557,199.0,286.0,Like
643,2557,199.0,236.0,Like
643,2557,199.0,42.0,Like
643,2557,199.0,367.0,Like
643,2558,229.0,199.0,Hitler Approves
643,2561,101.0,168.0,Like
643,2561,101.0,99.0,Like
643,2561,101.0,275.0,Like
643,2561,101.0,236.0,Like
643,2561,101.0,367.0,Like
643,2561,101.0,229.0,Like
643,2561,101.0,335.0,Like
643,2561,101.0,199.0,Like
643,2562,199.0,367.0,Like
643,2562,199.0,229.0,Like
643,2562,199.0,101.0,Like
643,2563,335.0,99.0,Like
643,2563,335.0,367.0,Mason +1
643,2563,335.0,164.0,Like
643,2563,335.0,229.0,Like
643,2563,335.0,299.0,Mason +1
643,2563,335.0,101.0,Like
643,2563,335.0,199.0,Like
643,2580,236.0,424.0,Like
643,2580,236.0,199.0,Like
643,2580,236.0,101.0,Like
643,2580,236.0,229.0,Like
643,2595,290.0,236.0,Like
643,2595,290.0,199.0,Like
643,2599,199.0,101.0,Like
643,2599,199.0,290.0,Like
643,2601,229.0,1.0,Like
643,2601,229.0,101.0,Like
643,2601,229.0,199.0,Like
643,2603,199.0,229.0,Like
643,2630,328.0,199.0,Like
643,3608,42.0,199.0,Rockwell Salute
651,2604,336.0,244.0,Like
651,2604,336.0,164.0,Like
651,2604,336.0,290.0,Like
651,2604,336.0,229.0,Like
651,2614,290.0,336.0,Like
656,2622,351.0,229.0,Like
656,2633,229.0,25.0,Like
656,2633,229.0,530.0,Like
656,2633,229.0,101.0,Like
656,2633,229.0,399.0,Mason +1
656,2637,367.0,335.0,Like
656,2638,351.0,367.0,Shlomo
656,2638,351.0,273.0,Rockwell Salute
656,2639,328.0,367.0,Like
656,2639,328.0,25.0,Like
656,2639,328.0,101.0,Like
656,2647,101.0,367.0,Like
656,2647,101.0,25.0,Like
656,2647,101.0,328.0,Like
656,2647,101.0,229.0,Like
656,2647,101.0,335.0,Like
656,2649,335.0,367.0,Like
656,2649,335.0,101.0,Like
656,2649,335.0,40.0,Like
656,2649,335.0,530.0,Like
656,2652,40.0,25.0,Like
656,2652,40.0,101.0,Like
656,2652,40.0,530.0,Like
656,2653,178.0,229.0,Like
656,2653,178.0,101.0,Like
657,2624,229.0,1.0,Like
657,2624,229.0,233.0,Mason +1
657,2624,229.0,101.0,Like
657,2624,229.0,275.0,Like
657,2624,229.0,351.0,Hitler Approves
657,2681,299.0,229.0,Like
658,2635,368.0,367.0,Like
658,2635,368.0,299.0,Like
658,2635,368.0,328.0,Like
658,2682,299.0,328.0,Like
658,2682,299.0,101.0,Like
658,2690,233.0,229.0,Like
658,2690,233.0,101.0,Like
658,2759,221.0,232.0,Like
658,2759,221.0,367.0,Like
658,2762,367.0,221.0,Like
658,2873,229.0,101.0,Like
658,2873,229.0,232.0,Like
658,2874,410.0,643.0,Like
658,2875,229.0,221.0,Like
658,2875,229.0,410.0,Like
658,2880,410.0,367.0,Like
658,2883,229.0,410.0,Like
659,2640,357.0,1.0,Like
659,2640,357.0,229.0,Like
660,2641,168.0,1.0,Like
660,2641,168.0,402.0,Like
660,2641,168.0,199.0,Like
661,2654,178.0,424.0,Like
661,2654,178.0,43.0,Like
661,2654,178.0,138.0,Like
661,2654,178.0,530.0,Like
661,2654,178.0,1.0,Like
661,2655,101.0,138.0,Like
661,2655,101.0,367.0,Like
661,2655,101.0,178.0,Like
661,2655,101.0,229.0,Like
661,2722,328.0,178.0,Like
661,2764,152.0,328.0,Like
661,2764,152.0,178.0,Like
661,3076,138.0,1018.0,Like
661,3077,328.0,1018.0,Like
661,3077,328.0,178.0,Like
661,3077,328.0,138.0,Like
661,3077,328.0,410.0,Like
661,3093,328.0,178.0,Like
661,3904,424.0,178.0,Like
661,3913,178.0,424.0,Like
663,2668,361.0,423.0,Gas
663,2671,101.0,138.0,Like
663,2671,101.0,344.0,Like
663,2671,101.0,530.0,Like
663,2671,101.0,335.0,Like
663,2671,101.0,40.0,Like
663,2671,101.0,221.0,Like
663,2671,101.0,299.0,Like
663,2671,101.0,229.0,Like
663,2671,101.0,273.0,Like
663,2679,229.0,221.0,Like
663,2680,299.0,229.0,Like
663,2687,221.0,344.0,Like
663,2687,221.0,335.0,Like
663,2687,221.0,164.0,Like
663,2687,221.0,229.0,Like
663,2692,229.0,530.0,Like
663,2692,229.0,221.0,Like
663,2695,40.0,138.0,Like
663,2695,40.0,101.0,Like
663,2697,273.0,178.0,Like
663,2697,273.0,229.0,Like
663,2697,273.0,221.0,Like
664,2673,29.0,229.0,Like
667,2683,229.0,1.0,Like
667,2683,229.0,236.0,Like
667,2683,229.0,290.0,Like
667,2686,290.0,299.0,Like
667,2686,290.0,1.0,Like
667,2686,290.0,236.0,Like
667,2686,290.0,229.0,Like
667,2691,229.0,1.0,Like
667,2691,229.0,290.0,Like
667,2694,101.0,336.0,Like
667,2705,101.0,229.0,Like
667,2708,290.0,199.0,Like
667,2708,290.0,229.0,Like
668,2696,101.0,328.0,Like
668,2699,164.0,367.0,Like
668,2701,101.0,178.0,Like
668,2701,101.0,244.0,Like
668,2701,101.0,299.0,Like
668,2706,164.0,367.0,Like
668,2709,299.0,164.0,Like
668,2709,299.0,168.0,Like
668,2709,299.0,328.0,Like
668,2709,299.0,530.0,Like
668,2709,299.0,101.0,Like
668,2710,290.0,168.0,Like
668,2710,290.0,530.0,Like
668,2710,290.0,178.0,Like
668,2710,290.0,299.0,Like
668,2712,101.0,168.0,Like
668,2712,101.0,299.0,Like
668,2717,178.0,299.0,Mason +1
668,2724,328.0,178.0,Like
669,2704,232.0,221.0,Like
669,2704,232.0,101.0,Like
669,2704,232.0,290.0,Like
669,2704,232.0,229.0,Like
669,2707,229.0,232.0,Like
674,2721,402.0,233.0,Gas
674,2721,402.0,367.0,Shlomo
674,2721,402.0,199.0,Sneaky Nazi
674,2721,402.0,40.0,Shlomo
674,2721,402.0,244.0,Shlomo
674,2721,402.0,101.0,Sneaky Nazi
674,2721,402.0,273.0,Like
674,2721,402.0,229.0,Gas
674,2721,402.0,299.0,Sneaky Nazi
674,2721,402.0,335.0,Sneaky Nazi
674,2721,402.0,164.0,Sneaky Nazi
674,2732,299.0,233.0,Like
674,2732,299.0,101.0,Like
674,2732,299.0,229.0,Like
674,2732,299.0,335.0,Like
674,2733,335.0,199.0,Like
674,2733,335.0,101.0,Like
674,2733,335.0,229.0,Like
674,2733,335.0,299.0,Like
674,2734,164.0,221.0,Like
674,2734,164.0,199.0,Like
674,2734,164.0,101.0,Like
674,2734,164.0,229.0,Like
674,2735,164.0,221.0,Like
674,2735,164.0,199.0,Like
674,2735,164.0,229.0,Like
674,2736,299.0,221.0,Like
674,2736,299.0,199.0,Like
674,2736,299.0,101.0,Like
674,2737,335.0,221.0,Like
674,2737,335.0,199.0,Like
674,2737,335.0,101.0,Like
674,2737,335.0,164.0,Like
674,2737,335.0,299.0,Like
674,2738,299.0,221.0,Like
674,2738,299.0,199.0,Like
674,2738,299.0,101.0,Like
674,2738,299.0,164.0,Like
674,2739,229.0,423.0,Like
674,2739,229.0,221.0,Like
674,2739,229.0,199.0,Like
674,2739,229.0,101.0,Like
674,2741,299.0,199.0,Like
674,2741,299.0,101.0,Like
674,2744,290.0,121.0,Like
674,2744,290.0,299.0,Like
674,2744,290.0,367.0,Like
674,2744,290.0,221.0,Like
674,2744,290.0,101.0,Like
674,2745,101.0,121.0,Like
674,2745,101.0,221.0,Like
674,2745,101.0,199.0,Like
674,2745,101.0,335.0,Like
674,2747,199.0,299.0,Like
674,2747,199.0,233.0,Like
674,2747,199.0,367.0,Like
674,2747,199.0,221.0,Like
674,2747,199.0,335.0,Like
674,2747,199.0,101.0,Like
674,2748,290.0,367.0,Like
674,2748,290.0,221.0,Like
674,2748,290.0,101.0,Like
674,2752,290.0,328.0,Like
674,2752,290.0,335.0,Like
674,2752,290.0,199.0,Like
674,2755,29.0,328.0,Like
674,2757,221.0,328.0,Like
676,2727,168.0,367.0,Gas
676,2727,168.0,29.0,Gas
676,2743,273.0,367.0,Like
676,2743,273.0,328.0,Like
676,2743,273.0,229.0,Like
676,2743,273.0,199.0,Like
676,2743,273.0,335.0,Like
676,2743,273.0,101.0,Like
678,2751,168.0,367.0,Shlomo
678,2760,367.0,101.0,Like
678,2763,336.0,152.0,Like
678,2765,101.0,367.0,Like
678,2765,101.0,336.0,Like
678,2765,101.0,1.0,Like
680,2835,232.0,43.0,Like
680,2835,232.0,178.0,Like
680,2835,232.0,367.0,Like
680,2835,232.0,236.0,Like
680,2835,232.0,410.0,Like
680,2835,232.0,275.0,Like
680,2835,232.0,290.0,Like
680,2835,232.0,1.0,Like
680,2835,232.0,229.0,Like
680,2836,229.0,232.0,Like
680,2837,232.0,275.0,Like
680,2837,232.0,229.0,Like
680,2849,236.0,178.0,Like
680,2849,236.0,410.0,Like
680,2849,236.0,232.0,Like
680,2849,236.0,229.0,Like
680,2854,233.0,178.0,Like
680,2854,233.0,410.0,Like
680,2854,233.0,229.0,Like
680,2854,233.0,232.0,Like
680,2865,410.0,232.0,Like
680,2865,410.0,229.0,Like
680,2886,232.0,410.0,Like
681,2838,229.0,232.0,Like
681,2838,229.0,530.0,Like
681,2838,229.0,156.0,Like
681,2838,229.0,244.0,Like
681,2838,229.0,1.0,Like
681,2848,530.0,229.0,Like
682,2839,286.0,236.0,Like
682,2839,286.0,99.0,Like
682,2839,286.0,344.0,Like
682,2839,286.0,178.0,Like
682,2839,286.0,410.0,Like
682,2839,286.0,232.0,Like
682,2839,286.0,406.0,Hitler Approves
682,2839,286.0,244.0,Like
682,2839,286.0,101.0,Like
682,2839,286.0,1.0,Like
682,2840,1.0,286.0,Rockwell Salute
682,2869,410.0,286.0,Like
682,2870,328.0,286.0,Like
684,2897,410.0,423.0,Like
684,2898,229.0,423.0,Like
684,2919,156.0,101.0,Like
684,2921,101.0,299.0,Like
684,2922,229.0,367.0,Like
684,2929,299.0,221.0,Like
684,2929,299.0,367.0,Like
684,2930,232.0,221.0,Like
684,2930,232.0,299.0,Like
684,2930,232.0,229.0,Like
684,2934,328.0,121.0,Like
684,2934,328.0,168.0,Like
684,2934,328.0,199.0,Like
684,2934,328.0,221.0,Like
684,2934,328.0,229.0,Like
684,2934,328.0,233.0,Like
684,2935,367.0,121.0,Like
684,2935,367.0,168.0,Like
684,2935,367.0,199.0,Like
684,2935,367.0,221.0,Like
684,2935,367.0,232.0,Like
684,2935,367.0,101.0,Like
684,2935,367.0,229.0,Like
684,2939,328.0,299.0,Like
684,2939,328.0,229.0,Like
684,2939,328.0,101.0,Like
684,2939,328.0,367.0,Like
684,2951,410.0,101.0,Like
684,2951,410.0,229.0,Like
684,2953,229.0,168.0,Like
684,2953,229.0,221.0,Like
684,2953,229.0,101.0,Like
684,2953,229.0,328.0,Like
684,2953,229.0,232.0,Like
684,2954,232.0,221.0,Like
684,2954,232.0,299.0,Like
684,2954,232.0,229.0,Like
684,2995,233.0,229.0,Like
686,2884,410.0,906.0,Like
686,2884,410.0,424.0,Like
686,2884,410.0,178.0,Like
686,2884,410.0,328.0,Hitler Approves
686,2884,410.0,530.0,Like
686,2884,410.0,221.0,Like
686,2884,410.0,216.0,Like
686,2884,410.0,275.0,Like
686,2884,410.0,101.0,Like
686,2884,410.0,232.0,Like
686,2884,410.0,229.0,Mason +1
686,2884,410.0,168.0,Like
686,2887,232.0,328.0,Like
686,2887,232.0,229.0,Like
686,2888,229.0,921.0,Like
686,2888,229.0,232.0,Like
686,2889,410.0,232.0,Like
686,2891,229.0,232.0,Like
686,2892,410.0,898.0,Like
686,2892,410.0,530.0,Like
686,2892,410.0,275.0,Like
686,2892,410.0,232.0,Like
686,2892,410.0,229.0,Like
686,2893,229.0,410.0,Like
686,2899,410.0,229.0,Like
686,2901,232.0,229.0,Like
686,2902,232.0,229.0,Like
686,3192,362.0,410.0,Like
686,3192,362.0,229.0,Like
686,3199,328.0,424.0,Like
686,3199,328.0,410.0,Like
687,2903,232.0,858.0,Like
687,2903,232.0,522.0,Hitler Approves
687,2903,232.0,101.0,Like
687,2903,232.0,229.0,Like
687,2904,229.0,232.0,Like
687,2905,410.0,1.0,Like
687,2905,410.0,232.0,Like
687,2907,232.0,410.0,Like
687,2912,229.0,410.0,Like
688,2909,410.0,1.0,Like
688,2909,410.0,101.0,Like
688,2909,410.0,229.0,Like
690,2923,156.0,273.0,Gas
690,2923,156.0,410.0,Gas
690,2923,156.0,229.0,Gas
690,2923,156.0,299.0,Gas
690,2923,156.0,233.0,Gas
690,2924,101.0,221.0,Like
690,2924,101.0,328.0,Like
690,2924,101.0,299.0,Like
690,2924,101.0,229.0,Like
690,2924,101.0,335.0,Like
690,2927,233.0,328.0,Like
690,2927,233.0,229.0,Like
690,2928,299.0,233.0,Like
690,2928,299.0,101.0,Like
690,2928,299.0,229.0,Like
690,2950,199.0,101.0,Like
690,2950,199.0,168.0,Like
690,2950,199.0,410.0,Like
690,2950,199.0,229.0,Like
690,2972,229.0,233.0,Like
690,2972,229.0,199.0,Like
690,2972,229.0,410.0,Like
690,2972,229.0,101.0,Like
690,2972,229.0,299.0,Like
690,3013,156.0,229.0,Gas
690,3013,156.0,233.0,Gas
690,3013,156.0,101.0,Gas
690,3015,101.0,229.0,Like
690,3015,101.0,199.0,Like
690,3015,101.0,233.0,Like
690,3015,101.0,299.0,Like
691,2931,424.0,99.0,Gas
691,2931,424.0,299.0,Gas
691,2931,424.0,199.0,Anti-Fascist
691,2931,424.0,29.0,Gas
691,2936,367.0,410.0,Like
691,2936,367.0,199.0,Like
691,2936,367.0,335.0,Like
691,2936,367.0,101.0,Like
691,2970,299.0,367.0,Like
691,2970,299.0,410.0,Like
691,3067,424.0,299.0,Like
691,3099,424.0,299.0,Like
691,3495,424.0,178.0,Like
691,3495,424.0,410.0,Like
691,3548,367.0,299.0,Like
691,3730,424.0,299.0,Like
692,2948,367.0,1030.0,Like
692,2948,367.0,178.0,Like
692,2948,367.0,101.0,Like
692,2948,367.0,43.0,Like
692,2948,367.0,410.0,Like
692,2948,367.0,232.0,Like
692,2948,367.0,199.0,Like
692,2948,367.0,229.0,Like
693,2949,425.0,199.0,Gas
693,2949,425.0,233.0,Gas
693,2949,425.0,101.0,Gas
693,2949,425.0,42.0,Gas
693,2949,425.0,232.0,Gas
693,2949,425.0,229.0,Gas
693,2955,229.0,121.0,Hitler Approves
693,2955,229.0,168.0,Like
693,2955,229.0,1.0,Like
693,2955,229.0,199.0,Like
693,2955,229.0,391.0,Like
693,2955,229.0,221.0,Like
693,2955,229.0,101.0,Like
693,2955,229.0,244.0,Like
693,2955,229.0,299.0,Like
693,2955,229.0,232.0,Like
694,2952,232.0,530.0,Like
694,2952,232.0,290.0,Like
694,2952,232.0,328.0,Like
694,2952,232.0,344.0,Like
694,2952,232.0,410.0,Like
694,2952,232.0,40.0,Like
694,2952,232.0,299.0,Like
694,2952,232.0,221.0,Like
694,2952,232.0,101.0,Like
694,2952,232.0,229.0,Hitler Approves
694,2952,232.0,168.0,Like
694,2971,299.0,101.0,Like
694,2971,299.0,290.0,Like
694,2971,299.0,232.0,Like
694,2971,299.0,410.0,Like
694,2973,40.0,232.0,Like
694,2983,290.0,232.0,Like
694,2983,290.0,101.0,Like
694,2983,290.0,299.0,Like
694,2983,290.0,229.0,Like
694,2984,299.0,232.0,Like
694,2984,299.0,101.0,Like
694,2984,299.0,290.0,Like
694,2985,290.0,101.0,Like
694,2985,290.0,299.0,Like
694,2991,299.0,101.0,Like
694,2991,299.0,290.0,Like
694,2992,290.0,232.0,Like
694,2992,290.0,101.0,Like
694,3008,273.0,229.0,Like
694,3008,273.0,299.0,Like
694,3008,273.0,232.0,Like
694,3048,99.0,232.0,Like
694,3056,99.0,232.0,Like
694,3095,232.0,26.0,Like
695,2975,410.0,1.0,Like
695,2975,410.0,275.0,Like
695,2975,410.0,367.0,Like
695,2975,410.0,199.0,Like
695,2975,410.0,232.0,Like
695,2975,410.0,229.0,Like
695,2975,410.0,244.0,Like
695,2975,410.0,101.0,Like
695,2976,229.0,199.0,Like
695,2976,229.0,232.0,Like
695,2979,199.0,410.0,Like
695,2980,229.0,367.0,Like
695,2980,229.0,199.0,Like
695,3029,410.0,43.0,Like
695,3029,410.0,229.0,Like
695,3032,410.0,178.0,Like
695,3032,410.0,1.0,Like
695,3032,410.0,199.0,Like
695,3032,410.0,229.0,Like
697,2978,400.0,40.0,Like
697,2978,400.0,229.0,Like
700,3004,430.0,138.0,Gas
700,3004,430.0,29.0,Gas
700,3004,430.0,199.0,Gas
700,3004,430.0,367.0,Gas
700,3004,430.0,99.0,Gas
700,3004,430.0,335.0,Gas
700,3004,430.0,328.0,Gas
700,3004,430.0,229.0,Anti-Fascist
700,3004,430.0,233.0,Gas
700,3022,328.0,121.0,Like
700,3022,328.0,367.0,Like
700,3023,101.0,168.0,Like
700,3023,101.0,364.0,Like
700,3023,101.0,367.0,Like
700,3023,101.0,335.0,Like
700,3023,101.0,229.0,Like
700,3023,101.0,233.0,Like
700,3023,101.0,328.0,Like
700,3025,233.0,101.0,Like
700,3025,233.0,367.0,Like
700,3025,233.0,328.0,Like
700,3025,233.0,229.0,Like
700,3028,273.0,168.0,Like
700,3028,273.0,244.0,Like
700,3028,273.0,299.0,Like
700,3028,273.0,101.0,Like
700,3028,273.0,232.0,Like
700,3028,273.0,367.0,Mason +1
700,3028,273.0,410.0,Like
700,3028,273.0,328.0,Like
700,3028,273.0,233.0,Like
700,3028,273.0,229.0,Like
700,3051,430.0,335.0,Gas
700,3051,430.0,233.0,Gas
700,3051,430.0,229.0,Gas
700,3053,367.0,168.0,Like
700,3053,367.0,233.0,Like
700,3053,367.0,101.0,Like
700,3053,367.0,328.0,Like
700,3058,430.0,233.0,Gas
700,3058,430.0,328.0,Gas
700,3058,430.0,101.0,Gas
700,3070,233.0,229.0,Like
700,3071,233.0,229.0,Like
700,3094,299.0,233.0,Like
700,3094,299.0,328.0,Like
700,3109,328.0,367.0,Like
700,3109,328.0,138.0,Like
700,3112,328.0,168.0,Like
700,3112,328.0,367.0,Like
700,3112,328.0,233.0,Like
700,3112,328.0,138.0,Like
701,3005,273.0,299.0,Like
701,3005,273.0,1.0,Like
701,3005,273.0,229.0,Like
701,3006,101.0,1.0,Like
701,3006,101.0,273.0,Like
701,3020,233.0,299.0,Like
701,3020,233.0,168.0,Like
701,3020,233.0,229.0,Like
701,3020,233.0,101.0,Like
701,3027,273.0,299.0,Like
701,3027,273.0,101.0,Like
701,3027,273.0,328.0,Like
701,3027,273.0,233.0,Like
704,3065,401.0,1.0,Like
704,3072,126.0,410.0,Like
704,3072,126.0,328.0,Like
704,3072,126.0,229.0,Like
704,3072,126.0,101.0,Like
704,3072,126.0,168.0,Like
706,3074,423.0,244.0,Like
706,3074,423.0,232.0,Like
706,3074,423.0,199.0,Hitler Approves
706,3074,423.0,229.0,Like
706,3074,423.0,101.0,Like
706,3074,423.0,126.0,Like
706,3074,423.0,328.0,Like
706,3074,423.0,410.0,Like
707,3083,232.0,485.0,Like
707,3083,232.0,126.0,Mason +1
707,3083,232.0,290.0,Like
707,3083,232.0,328.0,Like
707,3083,232.0,229.0,Like
707,3108,1.0,362.0,Like
707,3108,1.0,367.0,Like
707,3114,367.0,588.0,Like
707,3114,367.0,290.0,Like
707,3114,367.0,362.0,Like
707,3154,290.0,232.0,Like
707,3154,290.0,367.0,Like
707,3455,232.0,229.0,Like
709,3088,442.0,233.0,Gas
709,3088,442.0,273.0,Like
709,3096,273.0,410.0,Like
711,3105,448.0,229.0,Like
711,3105,448.0,367.0,Like
711,3105,448.0,328.0,Like
711,3115,367.0,362.0,Like
711,3116,362.0,410.0,Like
711,3116,362.0,367.0,Like
711,3116,362.0,101.0,Like
711,3116,362.0,328.0,Like
711,3116,362.0,199.0,Hitler Approves
711,3116,362.0,273.0,Like
720,3139,232.0,1030.0,Like
721,3148,232.0,273.0,Like
722,3149,362.0,410.0,Like
722,3149,362.0,1.0,Like
722,3149,362.0,328.0,Like
722,3150,410.0,1.0,Like
722,3150,410.0,328.0,Like
722,3155,410.0,328.0,Like
722,3306,477.0,328.0,Like
722,3313,101.0,328.0,Like
722,3313,101.0,477.0,Like
722,3313,101.0,335.0,Like
723,3157,455.0,101.0,Gas
723,3157,455.0,232.0,Gas
723,3157,455.0,457.0,Shlomo
723,3157,455.0,290.0,Gas
723,3157,455.0,367.0,Gas
723,3159,328.0,101.0,Like
723,3159,328.0,367.0,Like
723,3161,1.0,328.0,Like
723,3161,1.0,101.0,Like
723,3161,1.0,367.0,Like
723,3163,367.0,328.0,Like
723,3163,367.0,101.0,Like
723,3165,290.0,328.0,Like
723,3165,290.0,101.0,Like
723,3165,290.0,367.0,Mason +1
724,3162,456.0,233.0,Gas
724,3162,456.0,29.0,Gas
724,3177,456.0,410.0,Like
724,3178,29.0,705.0,Gas
724,3182,456.0,233.0,Gas
724,3182,456.0,1.0,Rockwell Salute
724,3182,456.0,29.0,Gas
724,3183,29.0,705.0,Gas
724,3183,29.0,299.0,Mason +1
724,3183,29.0,1.0,Like
726,3166,457.0,244.0,Gas
726,3166,457.0,233.0,Gas
726,3166,457.0,232.0,Gas
726,3167,1.0,168.0,Like
727,3170,458.0,922.0,Gas
727,3170,458.0,121.0,Gas
727,3170,458.0,101.0,Gas
727,3170,458.0,367.0,Gas
727,3170,458.0,168.0,Gas
727,3170,458.0,244.0,Gas
727,3186,233.0,367.0,Like
727,3186,233.0,168.0,Like
727,3194,367.0,121.0,Like
727,3194,367.0,168.0,Like
728,3171,458.0,233.0,Gas
729,3172,459.0,99.0,Gas
729,3172,459.0,229.0,Gas
729,3172,459.0,101.0,Gas
729,3172,459.0,168.0,Gas
729,3172,459.0,367.0,Gas
729,3172,459.0,244.0,Gas
729,3180,168.0,367.0,Like
729,3185,233.0,367.0,Like
729,3195,367.0,328.0,Like
729,3195,367.0,101.0,Like
729,3195,367.0,168.0,Like
729,3195,367.0,299.0,Like
729,3196,299.0,121.0,Like
729,3196,299.0,229.0,Like
729,3196,299.0,101.0,Like
729,3196,299.0,233.0,Like
729,3196,299.0,168.0,Like
730,3187,450.0,121.0,Gas
730,3187,450.0,229.0,Gas
730,3187,450.0,233.0,Gas
730,3187,450.0,367.0,Shlomo
730,3187,450.0,29.0,Gas
730,3188,40.0,328.0,Like
730,3188,40.0,168.0,Like
730,3188,40.0,367.0,Like
730,3188,40.0,362.0,Like
730,3189,29.0,299.0,Like
730,3189,29.0,367.0,Like
730,3193,367.0,101.0,Like
730,3193,367.0,168.0,Like
730,3197,299.0,328.0,Like
730,3197,299.0,168.0,Like
730,3201,328.0,410.0,Like
730,3201,328.0,168.0,Like
730,3201,328.0,367.0,Like
730,3221,328.0,367.0,Like
731,3190,460.0,233.0,Gas
731,3191,410.0,367.0,Like
732,3205,463.0,467.0,Like
732,3205,463.0,232.0,Like
732,3205,463.0,328.0,Like
732,3205,463.0,290.0,Like
732,3205,463.0,367.0,Like
732,3205,463.0,244.0,Like
732,3210,362.0,367.0,Like
732,3212,362.0,367.0,Like
732,3216,463.0,367.0,Like
732,3216,463.0,410.0,Like
732,3218,410.0,463.0,Mason +1
733,3208,362.0,1.0,Like
733,3208,362.0,367.0,Like
733,3208,362.0,410.0,Like
735,3231,362.0,229.0,Like
735,3231,362.0,367.0,Like
735,3231,362.0,101.0,Like
735,3233,367.0,178.0,Like
735,3233,367.0,101.0,Like
735,3233,367.0,229.0,Like
735,3233,367.0,328.0,Like
736,3232,101.0,328.0,Like
736,3232,101.0,367.0,Like
736,3232,101.0,244.0,Like
736,3232,101.0,335.0,Like
736,3240,463.0,121.0,Like
739,3237,367.0,1030.0,Like
739,3237,367.0,101.0,Like
739,3237,367.0,178.0,Like
739,3237,367.0,168.0,Like
739,3237,367.0,1.0,Like
739,3237,367.0,299.0,Like
739,3237,367.0,328.0,Like
739,3245,229.0,1030.0,Like
739,3245,229.0,101.0,Like
739,3245,229.0,1.0,Like
739,3245,229.0,138.0,Like
739,3245,229.0,328.0,Like
739,3245,229.0,410.0,Like
739,3245,229.0,367.0,Like
739,3255,328.0,1030.0,Like
739,3255,328.0,101.0,Like
739,3255,328.0,1.0,Like
739,3255,328.0,168.0,Like
739,3255,328.0,229.0,Like
739,3255,328.0,410.0,Like
739,3255,328.0,367.0,Like
739,3260,367.0,101.0,Like
739,3260,367.0,168.0,Like
739,3260,367.0,229.0,Like
739,3260,367.0,410.0,Like
739,3261,328.0,101.0,Like
739,3261,328.0,273.0,Like
739,3261,328.0,410.0,Like
739,3261,328.0,367.0,Like
739,3263,299.0,101.0,Like
739,3263,299.0,178.0,Like
739,3263,299.0,168.0,Hitler Approves
739,3263,299.0,229.0,Hitler Approves
739,3263,299.0,367.0,Mason +1
739,3265,273.0,101.0,Like
739,3265,273.0,367.0,Like
739,3267,328.0,101.0,Like
739,3267,328.0,367.0,Like
739,3268,367.0,101.0,Like
739,3268,367.0,328.0,Like
739,3403,178.0,101.0,Like
739,3403,178.0,229.0,Like
739,3403,178.0,299.0,Like
739,3405,138.0,101.0,Like
739,3405,138.0,229.0,Like
739,3405,138.0,42.0,Like
739,3405,138.0,410.0,Like
741,3242,467.0,463.0,Like
744,3253,42.0,286.0,Like
744,3253,42.0,138.0,Like
744,3253,42.0,299.0,Like
745,3254,42.0,147.0,Like
745,3254,42.0,424.0,Like
745,3254,42.0,410.0,Like
745,3254,42.0,367.0,Like
745,3254,42.0,244.0,Like
745,3254,42.0,273.0,Like
746,3270,367.0,763.0,Like
746,3270,367.0,778.0,Like
746,3270,367.0,147.0,Like
746,3270,367.0,424.0,Like
746,3270,367.0,178.0,Like
746,3270,367.0,126.0,Like
746,3270,367.0,101.0,Like
746,3270,367.0,362.0,Like
746,3270,367.0,1.0,Like
746,3270,367.0,406.0,Like
746,3279,362.0,126.0,Like
746,3279,362.0,367.0,Like
746,3285,193.0,367.0,Like
746,4114,147.0,367.0,Like
748,3281,101.0,236.0,Like
748,3281,101.0,367.0,Like
748,3282,367.0,101.0,Like
765,3304,475.0,42.0,Like
765,3400,178.0,410.0,Like
765,3777,101.0,229.0,Mason +1
765,3777,101.0,299.0,Mason +1
765,3782,362.0,299.0,Like
766,3305,477.0,199.0,Sneaky Nazi
766,3308,273.0,328.0,Like
766,3308,273.0,335.0,Like
766,3316,335.0,178.0,Like
766,3316,335.0,233.0,Like
766,3316,335.0,101.0,Like
766,3316,335.0,367.0,Like
766,3341,362.0,328.0,Like
766,3341,362.0,299.0,Like
766,3355,1.0,328.0,Like
766,3364,299.0,437.0,Like
766,3364,299.0,101.0,Like
766,3372,477.0,178.0,Gas
766,3417,178.0,410.0,Like
766,3436,477.0,328.0,Gas
768,3314,480.0,99.0,Gas
768,3314,480.0,168.0,Shlomo
768,3314,480.0,198.0,Gas
770,3336,484.0,26.0,Gas
770,3336,484.0,367.0,Like
770,3336,484.0,299.0,Sneaky Nazi
770,3336,484.0,178.0,Gas
770,3336,484.0,29.0,Gas
770,3338,199.0,299.0,Like
770,3338,199.0,328.0,Like
770,3338,199.0,178.0,Like
770,3338,199.0,168.0,Like
770,3340,29.0,178.0,Like
770,3399,178.0,168.0,Like
770,3423,484.0,178.0,Like
770,3423,484.0,1.0,Like
770,3423,484.0,367.0,Like
770,3423,484.0,410.0,Like
770,3427,484.0,290.0,Like
770,3427,484.0,168.0,Like
770,3427,484.0,299.0,Like
770,3427,484.0,199.0,Hitler Approves
770,3488,178.0,199.0,Like
770,3569,290.0,178.0,Like
770,3569,290.0,199.0,Like
770,3569,290.0,299.0,Like
773,3346,232.0,229.0,Like
773,3346,232.0,485.0,Like
777,3351,489.0,178.0,Gas
777,3402,101.0,178.0,Like
777,3409,299.0,328.0,Like
778,3356,101.0,99.0,Like
778,3356,101.0,299.0,Like
778,3356,101.0,229.0,Like
790,3392,497.0,121.0,Anti-Fascist
790,3392,497.0,199.0,Anti-Fascist
790,3392,497.0,168.0,Sneaky Nazi
790,3392,497.0,367.0,Gas
790,3392,497.0,299.0,Sneaky Nazi
790,3420,178.0,410.0,Like
790,3420,178.0,168.0,Like
790,3420,178.0,101.0,Like
790,3422,299.0,168.0,Like
790,3422,299.0,101.0,Like
790,3438,367.0,101.0,Like
790,3439,168.0,410.0,Like
790,3439,168.0,199.0,Rockwell Salute
790,3439,168.0,101.0,Like
790,3439,168.0,367.0,Like
793,3418,178.0,299.0,Like
793,3418,178.0,344.0,Like
793,3418,178.0,362.0,Like
793,3418,178.0,101.0,Like
793,3418,178.0,1.0,Rockwell Salute
793,3418,178.0,410.0,Like
793,3453,1.0,199.0,Like
793,3453,1.0,168.0,Like
793,3453,1.0,178.0,Like
793,3453,1.0,505.0,Like
793,3453,1.0,410.0,Like
793,3453,1.0,101.0,Like
793,3453,1.0,512.0,Like
793,3491,178.0,410.0,Like
793,3498,1.0,410.0,Like
793,3503,178.0,410.0,Like
794,3404,344.0,299.0,Like
794,3404,344.0,410.0,Like
794,3404,344.0,290.0,Like
794,3404,344.0,178.0,Like
794,3404,344.0,1.0,Like
796,3428,481.0,625.0,Like
796,3428,481.0,221.0,Like
796,3428,481.0,367.0,Like
796,3428,481.0,391.0,Like
796,3428,481.0,178.0,Like
796,3428,481.0,1.0,Like
796,3446,1.0,367.0,Like
796,3487,481.0,367.0,Like
796,3487,481.0,1.0,Like
796,3490,178.0,367.0,Like
796,3492,481.0,367.0,Like
796,3501,178.0,367.0,Like
796,3531,101.0,178.0,Like
796,3531,101.0,367.0,Like
797,3429,286.0,244.0,Like
797,3429,286.0,101.0,Like
797,3429,286.0,424.0,Like
797,3429,286.0,344.0,Like
797,3429,286.0,364.0,Like
797,3429,286.0,328.0,Like
797,3429,286.0,299.0,Like
797,3431,299.0,286.0,Like
797,3432,328.0,286.0,Like
798,3433,328.0,456.0,Like
798,3433,328.0,178.0,Like
798,3433,328.0,1.0,Like
798,3433,328.0,367.0,Like
798,3433,328.0,101.0,Like
798,3433,328.0,229.0,Like
798,3433,328.0,42.0,Like
798,3434,42.0,244.0,Like
798,3434,42.0,367.0,Like
798,3434,42.0,328.0,Like
798,3489,178.0,328.0,Like
799,3442,512.0,244.0,Like
805,3482,42.0,1.0,Like
805,3482,42.0,229.0,Like
808,3510,410.0,101.0,Like
808,3510,410.0,328.0,Like
808,3512,328.0,410.0,Like
808,3513,199.0,101.0,Like
808,3513,199.0,410.0,Like
808,3514,362.0,101.0,Like
808,3514,362.0,410.0,Like
808,3514,362.0,199.0,Like
808,3517,362.0,101.0,Like
808,3517,362.0,410.0,Like
813,3523,290.0,1021.0,Mason +1
813,3523,290.0,126.0,Like
813,3523,290.0,99.0,Mason +1
813,3523,290.0,335.0,Like
813,3523,290.0,344.0,Like
813,3523,290.0,275.0,Like
813,3523,290.0,244.0,Like
813,3523,290.0,229.0,Like
813,3523,290.0,101.0,Like
813,3523,290.0,232.0,Like
813,3524,101.0,290.0,Rockwell Salute
813,3524,101.0,232.0,Like
813,3526,229.0,233.0,Mason +1
813,3526,229.0,232.0,Like
813,3528,410.0,937.0,Like
813,3528,410.0,250.0,Like
813,3528,410.0,335.0,Gas
813,3528,410.0,40.0,Like
813,3528,410.0,367.0,Like
813,3533,273.0,367.0,Like
813,3534,367.0,250.0,Like
813,3536,410.0,250.0,Like
813,3536,410.0,367.0,Like
813,3539,410.0,250.0,Like
813,3539,410.0,367.0,Like
813,3543,410.0,367.0,Like
813,3543,410.0,273.0,Like
813,3544,299.0,101.0,Like
813,3545,410.0,625.0,Like
813,3545,410.0,1.0,Like
813,3545,410.0,367.0,Like
813,3547,410.0,367.0,Like
813,3551,335.0,299.0,Mason +1
813,3553,290.0,101.0,Like
813,3553,290.0,299.0,Like
813,3553,290.0,410.0,Like
813,3570,290.0,625.0,Like
813,3570,290.0,299.0,Like
813,3570,290.0,232.0,Like
813,3573,299.0,229.0,Like
813,3573,299.0,232.0,Like
813,3574,232.0,25.0,Like
813,3574,232.0,229.0,Like
813,3574,232.0,299.0,Like
813,3574,232.0,290.0,Rockwell Salute
813,3578,229.0,410.0,Like
813,3590,25.0,99.0,Like
813,3590,25.0,410.0,Like
813,3591,233.0,290.0,Mason +1
813,3591,233.0,101.0,Like
813,3591,233.0,299.0,Rockwell Salute
815,3564,138.0,951.0,Like
815,3564,138.0,232.0,Like
815,3564,138.0,275.0,Like
815,3564,138.0,101.0,Like
815,3564,138.0,299.0,Like
815,3564,138.0,410.0,Like
815,3577,299.0,138.0,Like
815,3583,362.0,138.0,Like
815,3583,362.0,410.0,Like
815,3583,362.0,299.0,Like
815,3583,362.0,101.0,Like
815,3583,362.0,232.0,Like
815,3709,138.0,362.0,Like
816,3565,168.0,178.0,Like
816,3565,168.0,410.0,Like
816,3568,410.0,178.0,Like
816,3568,410.0,424.0,Like
816,3568,410.0,168.0,Like
816,3575,232.0,168.0,Like
817,3566,530.0,178.0,Like
819,3580,290.0,126.0,Like
819,3580,290.0,423.0,Like
819,3580,290.0,410.0,Like
819,3580,290.0,299.0,Like
819,3580,290.0,101.0,Like
819,3580,290.0,229.0,Like
819,3580,290.0,232.0,Like
819,3581,232.0,101.0,Like
819,3581,232.0,229.0,Like
819,3581,232.0,290.0,Like
819,3582,229.0,101.0,Like
819,3582,229.0,290.0,Like
819,3584,101.0,229.0,Like
819,3584,101.0,290.0,Like
819,3584,101.0,299.0,Like
819,3584,101.0,232.0,Like
819,3586,299.0,290.0,Like
819,3586,299.0,101.0,Like
819,3587,25.0,232.0,Like
819,3587,25.0,290.0,Like
819,3587,25.0,101.0,Like
819,3587,25.0,299.0,Like
819,3592,290.0,25.0,Like
819,3592,290.0,229.0,Like
820,3585,99.0,229.0,Like
820,3585,99.0,299.0,Like
820,3585,99.0,536.0,Like
821,3588,233.0,410.0,Like
821,3588,233.0,229.0,Like
821,3588,233.0,290.0,Rockwell Salute
821,3588,233.0,232.0,Like
821,3588,233.0,400.0,Hitler Approves
821,3588,233.0,25.0,Like
821,3588,233.0,299.0,Like
821,3589,400.0,233.0,Like
821,3597,290.0,367.0,Like
821,3597,290.0,410.0,Like
821,3597,290.0,101.0,Like
821,3597,290.0,229.0,Like
821,3598,232.0,229.0,Like
821,3599,299.0,410.0,Like
821,3599,299.0,232.0,Like
821,3599,299.0,229.0,Like
821,3600,229.0,43.0,Like
821,3600,229.0,299.0,Like
821,3600,229.0,410.0,Like
821,3600,229.0,232.0,Like
821,3602,233.0,229.0,Like
821,3602,233.0,410.0,Gas
822,3594,310.0,168.0,Like
822,3594,310.0,232.0,Like
822,3594,310.0,290.0,Mason +1
822,3596,290.0,310.0,Rockwell Salute
824,3604,232.0,101.0,Like
824,3604,232.0,42.0,Like
824,3604,232.0,168.0,Like
824,3605,290.0,335.0,Like
824,3605,290.0,299.0,Like
824,3605,290.0,42.0,Like
824,3605,290.0,168.0,Like
824,3605,290.0,101.0,Like
824,3605,290.0,232.0,Like
824,3607,40.0,168.0,Like
824,3607,40.0,42.0,Like
824,3611,101.0,168.0,Like
824,3611,101.0,290.0,Like
824,3611,101.0,232.0,Like
824,3611,101.0,299.0,Like
824,3615,290.0,1030.0,Like
824,3615,290.0,138.0,Like
824,3615,290.0,126.0,Like
824,3615,290.0,410.0,Like
824,3615,290.0,199.0,Like
824,3615,290.0,101.0,Like
824,3615,290.0,168.0,Like
824,3617,290.0,410.0,Like
824,3617,290.0,232.0,Like
824,3618,232.0,168.0,Like
824,3618,232.0,290.0,Like
824,3619,367.0,410.0,Like
824,3619,367.0,101.0,Like
824,3619,367.0,168.0,Like
824,3619,367.0,299.0,Like
824,3619,367.0,232.0,Like
824,3622,233.0,981.0,Like
824,3622,233.0,335.0,Like
824,3622,233.0,232.0,Like
824,3623,26.0,168.0,Like
824,3623,26.0,410.0,Like
824,3623,26.0,290.0,Like
824,3624,290.0,168.0,Like
824,3624,290.0,26.0,Like
824,3625,26.0,168.0,Like
824,3625,26.0,290.0,Like
824,3630,362.0,126.0,Like
824,3631,132.0,168.0,Like
824,3631,132.0,299.0,Mason +1
824,3631,132.0,410.0,Like
824,3901,29.0,1030.0,Like
826,3628,232.0,229.0,Like
826,3628,232.0,410.0,Like
827,3632,547.0,99.0,Shlomo
827,3632,547.0,367.0,Shlomo
827,3637,101.0,367.0,Like
827,3638,299.0,101.0,Like
827,3640,410.0,101.0,Like
827,3640,410.0,367.0,Like
827,3640,410.0,299.0,Like
827,3641,299.0,843.0,Rockwell Salute
827,3641,299.0,101.0,Like
827,3641,299.0,168.0,Like
827,3641,299.0,232.0,Like
827,3642,410.0,101.0,Like
827,3642,410.0,299.0,Like
828,3633,286.0,1030.0,Like
828,3633,286.0,1.0,Like
828,3633,286.0,1021.0,Mason +1
828,3633,286.0,232.0,Like
828,3633,286.0,299.0,Like
828,3633,286.0,401.0,Like
828,3633,286.0,244.0,Like
829,3645,548.0,273.0,Like
830,3646,290.0,236.0,Like
830,3646,290.0,299.0,Like
830,3646,290.0,229.0,Like
830,3646,290.0,101.0,Like
830,3646,290.0,371.0,Like
830,3646,290.0,344.0,Like
830,3646,290.0,410.0,Like
830,3646,290.0,275.0,Like
830,3646,290.0,232.0,Like
830,3647,232.0,236.0,Like
830,3647,232.0,299.0,Like
830,3647,232.0,229.0,Like
830,3647,232.0,101.0,Like
830,3647,232.0,344.0,Like
830,3647,232.0,290.0,Like
830,3647,232.0,410.0,Like
830,3647,232.0,275.0,Like
831,3648,290.0,862.0,Rockwell Salute
831,3648,290.0,805.0,Like
831,3648,290.0,424.0,Like
831,3648,290.0,138.0,Like
831,3648,290.0,236.0,Like
831,3648,290.0,367.0,Like
831,3648,290.0,410.0,Like
831,3648,290.0,178.0,Like
831,3648,290.0,299.0,Like
831,3648,290.0,344.0,Like
831,3648,290.0,168.0,Like
831,3648,290.0,229.0,Like
831,3648,290.0,232.0,Like
831,3649,232.0,367.0,Like
831,3649,232.0,290.0,Like
831,3651,232.0,862.0,Like
831,3651,232.0,805.0,Like
831,3651,232.0,406.0,Like
831,3651,232.0,530.0,Like
831,3651,232.0,236.0,Like
831,3651,232.0,367.0,Like
831,3651,232.0,410.0,Like
831,3651,232.0,178.0,Like
831,3651,232.0,168.0,Like
831,3651,232.0,229.0,Like
831,3651,232.0,290.0,Like
831,3653,132.0,805.0,Like
831,3653,132.0,530.0,Like
831,3653,132.0,168.0,Like
831,3653,132.0,367.0,Like
831,3653,132.0,199.0,Like
831,3653,132.0,232.0,Like
831,3653,132.0,290.0,Like
831,3657,299.0,168.0,Like
831,3657,299.0,367.0,Like
831,3657,299.0,290.0,Like
831,3658,229.0,178.0,Like
831,3658,229.0,168.0,Like
831,3658,229.0,367.0,Like
831,3658,229.0,290.0,Like
831,3660,299.0,168.0,Like
831,3660,299.0,367.0,Like
831,3660,299.0,232.0,Like
831,3662,290.0,168.0,Like
831,3662,290.0,367.0,Like
831,3662,290.0,229.0,Like
831,3668,232.0,367.0,Like
831,3668,232.0,229.0,Like
831,3679,229.0,168.0,Like
831,3679,229.0,367.0,Like
831,3681,232.0,1018.0,Like
831,3681,232.0,168.0,Like
831,3681,232.0,229.0,Like
831,3683,229.0,178.0,Like
831,3683,229.0,168.0,Like
831,3692,367.0,1030.0,Like
831,3692,367.0,178.0,Like
831,3692,367.0,229.0,Like
831,3692,367.0,290.0,Like
831,3692,367.0,232.0,Like
831,3693,232.0,367.0,Like
831,3694,290.0,1030.0,Like
831,3703,178.0,410.0,Like
831,3703,178.0,424.0,Like
831,3703,178.0,132.0,Like
831,3706,132.0,178.0,Like
831,3710,138.0,367.0,Like
831,3710,138.0,410.0,Like
831,3710,138.0,290.0,Like
831,3710,138.0,101.0,Like
832,3650,229.0,399.0,Mason +1
832,3650,229.0,275.0,Like
832,3650,229.0,410.0,Like
832,3650,229.0,299.0,Like
832,3650,229.0,344.0,Like
832,3650,229.0,233.0,Mason +1
832,3650,229.0,423.0,Like
832,3650,229.0,232.0,Like
832,3650,229.0,290.0,Like
832,3652,423.0,199.0,Like
832,3652,423.0,232.0,Like
832,3652,423.0,229.0,Like
832,3655,229.0,232.0,Like
832,3655,229.0,410.0,Like
832,3655,229.0,168.0,Like
832,3656,233.0,937.0,Like
832,3656,233.0,229.0,Like
832,3663,410.0,229.0,Like
832,3664,229.0,410.0,Like
834,3661,555.0,367.0,Shlomo
834,3665,101.0,367.0,Like
840,3691,561.0,915.0,Gas
840,3707,132.0,299.0,Like
841,3704,178.0,328.0,Like
841,3704,178.0,410.0,Like
841,3715,410.0,178.0,Like
841,3725,299.0,252.0,Like
841,3725,299.0,328.0,Like
841,3745,178.0,299.0,Like
841,3745,178.0,410.0,Like
842,3696,232.0,596.0,Like
842,3696,232.0,299.0,Like
842,3696,232.0,424.0,Like
842,3696,232.0,290.0,Like
842,3696,232.0,275.0,Like
842,3696,232.0,229.0,Like
843,3697,290.0,424.0,Like
843,3697,290.0,299.0,Like
843,3697,290.0,367.0,Like
843,3697,290.0,410.0,Like
843,3697,290.0,229.0,Like
843,3697,290.0,232.0,Like
843,3699,232.0,290.0,Like
843,3701,410.0,367.0,Like
843,3701,410.0,290.0,Like
843,3712,290.0,232.0,Like
843,3736,290.0,178.0,Like
843,3736,290.0,410.0,Like
843,3736,290.0,299.0,Like
843,3736,290.0,121.0,Like
843,3742,26.0,229.0,Like
843,3742,26.0,99.0,Like
843,3742,26.0,290.0,Hitler Approves
843,3750,229.0,178.0,Like
843,3750,229.0,290.0,Like
843,3750,229.0,299.0,Like
843,3757,290.0,229.0,Like
846,3729,328.0,42.0,Like
846,3732,410.0,328.0,Like
846,3732,410.0,299.0,Like
846,3747,410.0,328.0,Like
846,3747,410.0,101.0,Like
846,3764,328.0,410.0,Like
847,3741,573.0,625.0,Gas
847,3741,573.0,367.0,Gas
847,3741,573.0,252.0,Like
847,3741,573.0,229.0,Gas
847,3741,573.0,299.0,Gas
847,3756,299.0,101.0,Like
847,3759,101.0,367.0,Like
847,3759,101.0,229.0,Like
847,3759,101.0,299.0,Like
848,3748,574.0,299.0,Gas
848,3754,299.0,101.0,Like
849,3749,575.0,367.0,Shlomo
849,3749,575.0,99.0,Gas
849,3749,575.0,299.0,Gas
849,3758,101.0,367.0,Like
849,3758,101.0,229.0,Like
849,3758,101.0,168.0,Like
849,3758,101.0,232.0,Like
849,3758,101.0,299.0,Like
850,3751,578.0,367.0,Gas
850,3814,299.0,367.0,Like
850,3820,232.0,252.0,Like
850,3820,232.0,299.0,Rockwell Salute
850,3820,232.0,178.0,Like
850,3824,178.0,232.0,Like
850,3824,178.0,299.0,Like
850,3827,362.0,367.0,Like
850,3827,362.0,138.0,Like
850,3827,362.0,168.0,Like
850,3827,362.0,126.0,Like
850,3827,362.0,299.0,Like
850,3836,362.0,101.0,Like
850,3836,362.0,138.0,Like
850,3846,43.0,737.0,Mason +1
850,3851,608.0,221.0,Like
850,3851,608.0,367.0,Like
850,3869,335.0,410.0,Like
854,3768,541.0,121.0,Sneaky Nazi
854,3797,178.0,914.0,Like
854,3797,178.0,328.0,Like
854,3797,178.0,410.0,Like
854,3797,178.0,121.0,Like
855,3769,585.0,299.0,Gas
855,3769,585.0,99.0,Gas
855,3769,585.0,362.0,Gas
855,3769,585.0,168.0,Gas
855,3769,585.0,586.0,Hitler Approves
855,3769,585.0,232.0,Gas
855,3769,585.0,229.0,Gas
859,3779,588.0,367.0,Like
859,3779,588.0,328.0,Like
859,3779,588.0,121.0,Like
859,3779,588.0,168.0,Like
859,3779,588.0,132.0,Like
859,3779,588.0,299.0,Like
859,3779,588.0,232.0,Like
859,3779,588.0,101.0,Like
859,3779,588.0,42.0,Like
866,3839,178.0,367.0,Like
866,3839,178.0,328.0,Like
867,3792,232.0,681.0,Like
867,3792,232.0,25.0,Like
867,3792,232.0,299.0,Like
867,3794,121.0,232.0,Like
867,3794,121.0,596.0,Like
867,3794,121.0,178.0,Like
867,3794,121.0,25.0,Like
869,3798,178.0,367.0,Like
869,3798,178.0,410.0,Like
869,3801,299.0,367.0,Like
869,3801,299.0,178.0,Like
869,3803,178.0,299.0,Like
869,3804,178.0,138.0,Like
869,3805,138.0,410.0,Like
869,3805,138.0,178.0,Like
869,3806,178.0,138.0,Like
869,3807,121.0,138.0,Like
869,3812,410.0,530.0,Like
869,3812,410.0,178.0,Like
869,3812,410.0,299.0,Like
869,3812,410.0,328.0,Like
869,3813,328.0,138.0,Like
869,3813,328.0,178.0,Like
869,3813,328.0,410.0,Like
869,3813,328.0,299.0,Like
869,3815,299.0,178.0,Like
869,3815,299.0,410.0,Like
869,3818,410.0,178.0,Like
869,3818,410.0,328.0,Like
869,3822,178.0,410.0,Like
869,3826,410.0,178.0,Like
869,3828,362.0,410.0,Like
869,3828,362.0,121.0,Like
869,3828,362.0,178.0,Like
869,3841,328.0,178.0,Like
869,3842,362.0,410.0,Like
869,3842,362.0,178.0,Like
869,3842,362.0,328.0,Like
869,3845,178.0,328.0,Like
869,3849,199.0,178.0,Like
869,3849,199.0,335.0,Like
869,3849,199.0,410.0,Like
869,3859,335.0,199.0,Like
869,3860,299.0,335.0,Like
869,3860,299.0,199.0,Hitler Approves
869,3861,335.0,530.0,Like
869,3861,335.0,299.0,Like
869,3863,299.0,236.0,Like
869,3864,335.0,299.0,Like
869,3866,290.0,236.0,Like
869,3867,290.0,236.0,Like
872,3809,596.0,367.0,Shlomo
872,3811,101.0,178.0,Like
872,3811,101.0,299.0,Like
872,3887,367.0,410.0,Like
876,3837,596.0,335.0,Gas
876,3886,367.0,530.0,Like
876,3886,367.0,410.0,Like
878,3850,737.0,42.0,Like
878,3852,410.0,178.0,Like
878,3852,410.0,367.0,Like
878,3852,410.0,42.0,Like
878,3853,737.0,367.0,Like
878,3853,737.0,335.0,Like
878,3853,737.0,42.0,Like
878,3853,737.0,410.0,Like
878,3858,530.0,42.0,Like
878,3862,737.0,178.0,Like
878,3862,737.0,410.0,Like
878,3872,530.0,737.0,Like
878,3872,530.0,410.0,Like
880,3873,290.0,707.0,Like
880,3873,290.0,424.0,Like
880,3873,290.0,168.0,Like
880,3873,290.0,410.0,Like
880,3873,290.0,178.0,Like
880,3873,290.0,232.0,Like
882,3878,42.0,625.0,Like
882,3878,42.0,424.0,Like
882,3878,42.0,168.0,Like
882,3878,42.0,410.0,Like
882,3878,42.0,530.0,Like
882,3878,42.0,213.0,Like
882,3878,42.0,178.0,Like
882,3878,42.0,232.0,Like
882,3878,42.0,286.0,Like
882,3878,42.0,335.0,Like
882,3878,42.0,26.0,Mason +1
882,3878,42.0,236.0,Like
882,3880,335.0,42.0,Like
883,3879,42.0,424.0,Like
883,3879,42.0,221.0,Like
883,3879,42.0,1.0,Like
883,3879,42.0,367.0,Like
883,3879,42.0,410.0,Like
883,3879,42.0,530.0,Like
883,3879,42.0,213.0,Like
883,3879,42.0,178.0,Like
883,3879,42.0,286.0,Like
883,3879,42.0,335.0,Like
883,3881,530.0,42.0,Like
883,3883,42.0,335.0,Like
884,3882,367.0,954.0,Like
884,3882,367.0,859.0,Like
884,3882,367.0,244.0,Like
884,3882,367.0,865.0,Like
884,3882,367.0,686.0,Like
884,3882,367.0,701.0,Hitler Approves
884,3882,367.0,708.0,Like
884,3882,367.0,40.0,Like
884,3882,367.0,410.0,Like
884,3882,367.0,178.0,Like
884,3882,367.0,530.0,Like
884,3882,367.0,232.0,Like
884,3882,367.0,737.0,Like
884,3882,367.0,42.0,Like
884,3882,367.0,335.0,Hitler Approves
885,3884,232.0,1030.0,Like
885,3884,232.0,768.0,Like
885,3884,232.0,424.0,Like
885,3884,232.0,737.0,Like
885,3884,232.0,335.0,Like
885,3884,232.0,178.0,Like
885,3885,178.0,335.0,Like
886,3888,424.0,846.0,Hitler Approves
888,3891,621.0,293.0,Gas
888,3891,621.0,638.0,Hitler Approves
888,3891,621.0,362.0,Gas
888,3891,621.0,29.0,Gas
888,3898,362.0,707.0,Mason +1
895,3908,643.0,29.0,Gas
895,3909,643.0,734.0,Like
895,3909,643.0,178.0,Like
895,4066,178.0,643.0,Like
899,3925,654.0,919.0,Like
900,3917,400.0,922.0,Like
900,3917,400.0,530.0,Like
900,3917,400.0,147.0,Like
900,3917,400.0,244.0,Like
900,3917,400.0,680.0,Like
900,3917,400.0,634.0,Like
900,3917,400.0,399.0,Like
902,3921,659.0,29.0,Gas
902,4067,178.0,244.0,Like
903,3926,643.0,819.0,Hitler Approves
903,3926,643.0,776.0,Like
903,3926,643.0,424.0,Like
903,3926,643.0,760.0,Like
903,3926,643.0,367.0,Like
903,3926,643.0,726.0,Hitler Approves
903,3926,643.0,178.0,Hitler Approves
903,3926,643.0,707.0,Like
903,3926,643.0,640.0,Hitler Approves
903,3926,643.0,634.0,Like
903,4068,178.0,760.0,Like
903,4068,178.0,367.0,Like
903,4068,178.0,643.0,Like
903,4070,29.0,293.0,Like
903,4070,29.0,367.0,Like
904,3930,424.0,178.0,Hitler Approves
904,3930,424.0,634.0,Hitler Approves
904,3930,424.0,399.0,Hitler Approves
905,3931,663.0,29.0,Gas
905,3934,643.0,663.0,Like
911,3945,42.0,1.0,Mason +1
911,3945,42.0,671.0,Like
911,3945,42.0,424.0,Like
911,3953,671.0,42.0,Like
912,3948,680.0,681.0,Like
915,3952,685.0,707.0,Gas
915,3952,685.0,29.0,Gas
916,3956,689.0,29.0,Gas
916,3958,29.0,168.0,Like
916,3958,29.0,706.0,Gas
916,3958,29.0,689.0,Gas
916,3959,689.0,168.0,Gas
916,3959,689.0,29.0,Gas
916,3960,1.0,168.0,Like
916,3962,1.0,689.0,Like
916,3963,689.0,1.0,Hitler Approves
917,3964,690.0,689.0,Like
917,3964,690.0,29.0,Gas
917,3968,29.0,689.0,Gas
917,3968,29.0,690.0,Gas
917,3971,199.0,178.0,Like
917,3971,199.0,690.0,Like
919,4005,362.0,707.0,Like
921,4706,345.0,178.0,Like
923,3988,1.0,707.0,Like
923,3989,707.0,1.0,Like
923,3994,1.0,707.0,Like
925,3984,717.0,29.0,Gas
925,4069,178.0,244.0,Like
925,4071,362.0,178.0,Like
925,4072,178.0,362.0,Like
929,3990,643.0,1003.0,Hitler Approves
929,3990,643.0,950.0,Like
929,3990,643.0,910.0,Like
929,3990,643.0,727.0,Hitler Approves
929,3990,643.0,746.0,Like
929,3990,643.0,716.0,Like
929,3990,643.0,424.0,Like
929,3990,643.0,671.0,Like
929,3990,643.0,168.0,Like
930,4002,362.0,671.0,Like
931,3998,723.0,671.0,Gas
931,3998,723.0,726.0,Gas
931,3998,723.0,29.0,Gas
933,4011,731.0,643.0,Like
933,4011,731.0,399.0,Gas
933,4011,731.0,726.0,Gas
933,4011,731.0,29.0,Gas
934,4028,399.0,843.0,Mason +1
934,4028,399.0,42.0,Like
935,4022,29.0,399.0,Like
936,4018,736.0,29.0,Gas
938,4025,399.0,843.0,Like
938,4025,399.0,406.0,Like
938,4025,399.0,147.0,Like
938,4025,399.0,763.0,Like
938,4025,399.0,726.0,Like
938,4025,399.0,335.0,Like
939,4030,345.0,1.0,Like
939,4030,345.0,424.0,Like
939,4030,345.0,643.0,Like
939,4030,345.0,244.0,Like
939,4031,643.0,424.0,Like
941,4042,743.0,244.0,Like
943,4052,745.0,29.0,Gas
943,4052,745.0,643.0,Like
943,4100,362.0,643.0,Like
944,4053,746.0,643.0,Like
947,4056,727.0,921.0,Like
947,4249,727.0,681.0,Like
947,4316,1.0,727.0,Hitler Approves
948,4061,424.0,763.0,Like
948,4061,424.0,530.0,Like
951,4099,362.0,755.0,Hitler Approves
952,4074,758.0,778.0,Like
952,4074,758.0,1.0,Like
952,4119,178.0,643.0,Like
955,4087,29.0,244.0,Mason +1
955,4087,29.0,362.0,Mason +1
955,4087,29.0,772.0,Mason +1
955,4087,29.0,763.0,Mason +1
956,4082,763.0,121.0,Like
958,4091,763.0,147.0,Like
958,4096,147.0,763.0,Like
958,4097,763.0,147.0,Like
958,4098,147.0,763.0,Like
959,4094,771.0,29.0,Gas
959,4122,29.0,178.0,Like
960,4110,763.0,922.0,Like
960,4110,763.0,406.0,Like
960,4110,763.0,765.0,Like
960,4110,763.0,147.0,Like
961,4112,773.0,778.0,Hitler Approves
961,4112,773.0,29.0,Gas
961,4112,773.0,643.0,Like
961,4120,178.0,244.0,Like
961,4123,29.0,178.0,Rockwell Salute
961,4127,773.0,29.0,Gas
961,4127,773.0,643.0,Like
961,4135,178.0,1.0,Like
961,4135,178.0,29.0,Rockwell Salute
961,4139,773.0,178.0,Gas
961,4139,773.0,29.0,Gas
962,4115,779.0,852.0,Like
962,4205,121.0,888.0,Like
962,4205,121.0,625.0,Like
962,4205,121.0,530.0,Like
962,4209,399.0,914.0,Like
962,4209,399.0,1.0,Like
962,4209,399.0,852.0,Shlomo
962,4209,399.0,244.0,Like
969,4138,367.0,1018.0,Like
969,4138,367.0,1.0,Like
969,4138,367.0,1004.0,Like
969,4138,367.0,671.0,Like
969,4138,367.0,362.0,Like
969,4138,367.0,808.0,Like
969,4138,367.0,236.0,Like
969,4138,367.0,244.0,Mason +1
969,4138,367.0,701.0,Mason +1
969,4138,367.0,530.0,Mason +1
969,4138,367.0,424.0,Like
969,4138,367.0,763.0,Mason +1
969,4138,367.0,791.0,Like
970,4140,799.0,29.0,Gas
971,4141,802.0,335.0,Gas
971,4141,802.0,763.0,Gas
971,4141,802.0,29.0,Gas
971,4146,29.0,335.0,Like
971,4148,763.0,335.0,Like
973,4143,805.0,625.0,Like
973,4143,805.0,828.0,Like
973,4143,805.0,244.0,Like
973,4143,805.0,1.0,Like
974,4144,806.0,643.0,Like
974,4144,806.0,29.0,Gas
974,4150,29.0,178.0,Like
974,4150,29.0,530.0,Like
974,4154,643.0,806.0,Like
977,4164,232.0,763.0,Like
977,4164,232.0,345.0,Like
979,4168,815.0,861.0,Gas
979,4168,815.0,406.0,Gas
983,4176,828.0,244.0,Gas
986,4181,833.0,345.0,Like
986,4181,833.0,643.0,Like
986,4187,345.0,399.0,Like
986,4188,643.0,819.0,Like
986,4194,399.0,819.0,Gas
987,4183,399.0,681.0,Like
987,4183,399.0,602.0,Like
987,4183,399.0,625.0,Like
987,4183,399.0,178.0,Like
987,4183,399.0,634.0,Like
987,4183,399.0,843.0,Like
987,4183,399.0,406.0,Like
987,4183,399.0,236.0,Like
988,4184,399.0,707.0,Like
988,4184,399.0,1.0,Like
988,4184,399.0,236.0,Like
988,4184,399.0,406.0,Like
988,4186,399.0,873.0,Like
990,4191,29.0,1.0,Like
990,4191,29.0,643.0,Like
990,4191,29.0,236.0,Like
990,4198,236.0,1.0,Like
990,4198,236.0,178.0,Like
990,4198,236.0,399.0,Like
992,4197,829.0,178.0,Like
993,4199,236.0,922.0,Like
993,4199,236.0,1.0,Like
993,4199,236.0,859.0,Like
993,4199,236.0,399.0,Like
993,4199,236.0,763.0,Like
997,4206,675.0,244.0,Like
998,4243,1.0,852.0,Like
998,4243,1.0,178.0,Like
1000,4237,858.0,29.0,Gas
1011,4240,880.0,914.0,Gas
1011,4240,880.0,625.0,Gas
1011,4240,880.0,916.0,Gas
1011,4240,880.0,921.0,Like
1011,4246,643.0,625.0,Like
1011,4246,643.0,530.0,Like
1011,4290,178.0,399.0,Like
1011,4290,178.0,625.0,Like
1016,4268,893.0,905.0,Anti-Fascist
1016,4268,893.0,625.0,Shlomo
1016,4268,893.0,121.0,Anti-Fascist
1016,4268,893.0,29.0,Gas
1016,4276,905.0,916.0,Gas
1016,4276,905.0,121.0,Gas
1016,4276,905.0,763.0,Gas
1016,4276,905.0,923.0,Gas
1016,4276,905.0,178.0,Gas
1016,4276,905.0,29.0,Gas
1016,4276,905.0,625.0,Gas
1016,4281,121.0,244.0,Like
1016,4295,763.0,625.0,Like
1016,4302,905.0,763.0,Anti-Fascist
1016,4302,905.0,625.0,Sneaky Nazi
1016,4304,916.0,763.0,Like
1016,4319,625.0,763.0,Like
1016,4344,178.0,921.0,Like
1016,4344,178.0,424.0,Like
1016,4344,178.0,625.0,Like
1022,4291,178.0,121.0,Like
1024,4285,913.0,178.0,Gas
1025,4305,916.0,244.0,Like
1025,4345,178.0,914.0,Like
1025,4345,178.0,625.0,Like
1025,4345,178.0,244.0,Like
1025,4371,914.0,643.0,Like
1025,4371,914.0,244.0,Gas
1026,4348,916.0,625.0,Gas
1026,4352,178.0,625.0,Like
1026,4352,178.0,1.0,Like
1026,4352,178.0,399.0,Like
1026,4357,916.0,625.0,Gas
1026,4357,916.0,178.0,Gas
1027,4294,921.0,643.0,Like
1027,4294,921.0,178.0,Gas
1027,4294,921.0,625.0,Gas
1027,4308,29.0,178.0,Like
1027,4308,29.0,921.0,Gas
1027,4308,29.0,625.0,Like
1027,4308,29.0,244.0,Like
1027,4308,29.0,924.0,Like
1027,4308,29.0,923.0,Mason +1
1028,4296,925.0,625.0,Gas
1028,4296,925.0,178.0,Anti-Fascist
1028,4307,29.0,178.0,Like
1028,4322,763.0,625.0,Like
1028,4329,915.0,625.0,Rockwell Salute
1028,4329,915.0,763.0,Mason +1
1031,4318,1.0,244.0,Like
1036,4335,934.0,244.0,Like
1037,4336,935.0,921.0,Like
1039,4409,643.0,221.0,Like
1039,4409,643.0,602.0,Like
1039,4409,643.0,921.0,Like
1039,4409,643.0,178.0,Like
1039,4410,178.0,643.0,Like
1039,4410,178.0,743.0,Like
1039,4410,178.0,121.0,Like
1039,4418,399.0,178.0,Like
1039,4418,399.0,707.0,Like
1039,4418,399.0,244.0,Like
1039,4477,40.0,178.0,Like
1041,4360,944.0,1022.0,Gas
1041,4360,944.0,625.0,Gas
1041,4360,944.0,345.0,Gas
1041,4367,345.0,625.0,Like
1041,4369,178.0,121.0,Like
1041,4373,943.0,121.0,Gas
1041,4373,943.0,625.0,Gas
1041,4398,178.0,121.0,Like
1045,4375,763.0,805.0,Like
1045,4378,1.0,221.0,Like
1045,4378,1.0,178.0,Like
1045,4384,26.0,1023.0,Like
1045,4384,26.0,178.0,Like
1045,4384,26.0,121.0,Like
1045,4384,26.0,244.0,Like
1046,4389,625.0,178.0,Like
1046,4389,625.0,121.0,Like
1046,4391,625.0,951.0,Like
1049,4382,952.0,973.0,Hitler Approves
1049,4382,952.0,763.0,Gas
1049,4382,952.0,121.0,Gas
1049,4382,952.0,625.0,Gas
1049,4382,952.0,178.0,Gas
1049,4388,625.0,121.0,Like
1049,4401,178.0,424.0,Like
1049,4401,178.0,121.0,Hitler Approves
1049,4401,178.0,921.0,Rockwell Salute
1049,4401,178.0,625.0,Hitler Approves
1049,4499,345.0,1022.0,Gas
1049,4499,345.0,221.0,Like
1049,4501,1022.0,625.0,Gas
1049,4503,1022.0,625.0,Gas
1049,4503,1022.0,345.0,Gas
1049,4503,1022.0,221.0,Gas
1049,4506,178.0,1022.0,Gas
1049,4512,1022.0,625.0,Gas
1049,4512,1022.0,221.0,Gas
1049,4512,1022.0,345.0,Gas
1049,4516,345.0,625.0,Like
1049,4516,345.0,1022.0,Gas
1049,4522,1022.0,625.0,Gas
1049,4522,1022.0,345.0,Gas
1057,4411,763.0,846.0,Like
1057,4411,763.0,244.0,Like
1057,4414,643.0,922.0,Gas
1057,4414,643.0,982.0,Mason +1
1057,4414,643.0,846.0,Shlomo
1057,4414,643.0,244.0,Gas
1057,4415,244.0,675.0,Like
1057,4415,244.0,763.0,Like
1057,4415,244.0,921.0,Hitler Approves
1057,4417,399.0,763.0,Like
1057,4419,763.0,244.0,Like
1057,4421,244.0,922.0,Like
1057,4421,244.0,763.0,Like
1057,4421,244.0,675.0,Like
1057,4422,763.0,922.0,Like
1057,4422,763.0,675.0,Like
1057,4422,763.0,244.0,Like
1057,4424,244.0,763.0,Like
1057,4428,763.0,675.0,Like
1057,4428,763.0,244.0,Like
1059,4432,959.0,643.0,Like
1060,4435,177.0,926.0,Hitler Approves
1060,4435,177.0,244.0,Like
1060,4435,177.0,763.0,Like
1060,4435,177.0,399.0,Like
1061,4436,177.0,233.0,Hitler Approves
1061,4436,177.0,244.0,Like
1062,4437,177.0,727.0,Like
1062,4437,177.0,424.0,Like
1062,4437,177.0,178.0,Like
1067,4443,981.0,221.0,Gas
1067,4443,981.0,244.0,Gas
1067,4443,981.0,178.0,Gas
1067,4474,643.0,178.0,Like
1070,4446,922.0,247.0,Like
1070,4566,1041.0,1030.0,Like
1070,4568,1.0,1030.0,Like
1070,4568,1.0,244.0,Like
1070,4568,1.0,221.0,Like
1070,4568,1.0,247.0,Like
1072,4449,727.0,178.0,Like
1072,4449,727.0,1003.0,Rockwell Salute
1072,4449,727.0,681.0,Like
1072,4449,727.0,643.0,Like
1072,4449,727.0,763.0,Like
1072,4451,345.0,681.0,Like
1072,4451,345.0,625.0,Like
1072,4451,345.0,914.0,Like
1072,4451,345.0,727.0,Like
1072,4452,643.0,727.0,Like
1072,4455,643.0,727.0,Like
1073,4450,990.0,643.0,Like
1078,4472,643.0,399.0,Mason +1
1081,4465,400.0,233.0,Mason +1
1081,4465,400.0,922.0,Like
1081,4465,400.0,843.0,Like
1081,4465,400.0,399.0,Mason +1
1083,4492,1022.0,1029.0,Hitler Approves
1085,4485,643.0,178.0,Like
1085,4485,643.0,221.0,Like
1085,4486,805.0,178.0,Gas
1085,4487,643.0,805.0,Like
1085,4487,643.0,424.0,Like
1085,4487,643.0,178.0,Like
1085,4487,643.0,221.0,Like
1085,4511,178.0,1.0,Like
1085,4511,178.0,221.0,Like
1085,4511,178.0,675.0,Like
1088,4490,1022.0,178.0,Gas
1090,4507,178.0,1029.0,Like
1093,4519,1030.0,221.0,Like
1100,4552,1046.0,244.0,Shlomo
1103,4569,244.0,1030.0,Like
1103,4569,244.0,1.0,Mason +1
1103,4614,1030.0,345.0,Like
1105,4578,177.0,178.0,Like
1106,4579,177.0,1018.0,Like
1106,4579,177.0,424.0,Like
1106,4579,177.0,1030.0,Like
1106,4579,177.0,906.0,Like
1106,4579,177.0,178.0,Like
1106,4579,177.0,1.0,Like
1112,4592,177.0,1.0,Like
1112,4592,177.0,481.0,Like
1112,4592,177.0,1030.0,Like
1112,4592,177.0,178.0,Like
1113,4594,1024.0,178.0,Gas
1113,4594,1024.0,221.0,Gas
1113,4594,1024.0,244.0,Gas
1113,4596,1070.0,675.0,Gas
1113,4596,1070.0,244.0,Gas
1115,4602,1077.0,707.0,Mason +1
1115,4602,1077.0,178.0,Gas
1115,4602,1077.0,244.0,Gas
1117,4605,244.0,763.0,Like
1118,4607,1079.0,345.0,Gas
1120,4616,1080.0,829.0,Gas
1120,4616,1080.0,26.0,Gas
1120,4616,1080.0,625.0,Anti-Fascist
1120,4616,1080.0,177.0,Sneaky Nazi
1120,4630,178.0,399.0,Like
1120,4640,727.0,178.0,Like
1120,4642,178.0,1030.0,Like
1120,4642,178.0,727.0,Like
1120,4645,1080.0,26.0,Gas
1120,4646,1080.0,26.0,Gas
1120,4661,1080.0,26.0,Gas
1120,4662,178.0,399.0,Like
1120,4663,26.0,862.0,Like
1120,4822,862.0,1030.0,Like
1120,4822,862.0,178.0,Like
1123,4724,1105.0,244.0,Gas
1125,4723,1105.0,244.0,Gas
1126,4648,643.0,178.0,Like
1126,4652,743.0,244.0,Like
1126,4670,643.0,675.0,Like
1126,4687,643.0,1030.0,Hitler Approves
1126,4691,399.0,1030.0,Like
1127,4667,345.0,424.0,Like
1127,4667,345.0,178.0,Like
1129,4722,1105.0,244.0,Gas
1134,4692,399.0,707.0,Like
1134,4720,1105.0,244.0,Gas
1134,4721,1105.0,244.0,Gas
1136,4689,1012.0,937.0,Like
1136,4689,1012.0,177.0,Hitler Approves
1138,4710,1018.0,424.0,Like
1138,4710,1018.0,862.0,Like
1138,4710,1018.0,247.0,Like
1138,4710,1018.0,805.0,Hitler Approves
1138,4710,1018.0,177.0,Like
1138,4712,1018.0,862.0,Like
1138,4712,1018.0,805.0,Like
1138,4729,643.0,178.0,Like
1138,4734,345.0,178.0,Like
1138,4748,1018.0,862.0,Like
1138,4757,1018.0,707.0,Like
1138,4757,1018.0,862.0,Like
1138,4773,178.0,643.0,Like
1138,4783,862.0,178.0,Like
1138,4783,862.0,1018.0,Like
1138,4785,1018.0,805.0,Like
1138,4785,1018.0,177.0,Like
1138,4785,1018.0,862.0,Like
1138,4787,862.0,805.0,Like
1138,4787,862.0,178.0,Like
1138,4787,862.0,643.0,Like
1138,4791,643.0,1018.0,Like
1138,4791,643.0,862.0,Like
1138,4791,643.0,178.0,Like
1138,4794,345.0,1018.0,Like
1138,4795,643.0,805.0,Like
1143,4744,244.0,743.0,Like
1143,4744,244.0,707.0,Like
1143,4750,177.0,399.0,Like
1143,4750,177.0,244.0,Like
1143,4750,177.0,707.0,Like
1143,4758,244.0,707.0,Like
1143,4758,244.0,743.0,Like
1143,4758,244.0,399.0,Like
1145,4845,178.0,862.0,Like
1145,4845,178.0,937.0,Like
1145,4845,178.0,177.0,Hitler Approves
1146,4796,177.0,643.0,Like
1146,4796,177.0,178.0,Like
1146,4796,177.0,681.0,Like
1147,4827,1012.0,177.0,Like
1155,4833,643.0,178.0,Like
